3.967181,0.000000,0.000000,0.067528,3.149216,0.000000,0.000000,0.000000,3.684711,2.912754,2.735790,1.708101,1.148800,0.296734,3.261127,0.000000,0.000000,4.175331,0.000000,2.976841,0.000000,2.389777,0.235804,0.000000,0.000000,2.971224,0.033814,0.081098,0.000000,0.232600,0.159364,3.748791,0.529083,0.214035,0.000000,2.477834,0.000000,0.365084,0.833926,0.700520,0.000000,1.035266,0.000000,2.488107,3.209725,3.009415,1.387581,4.059501,2.786568,0.000000
3.628130,0.901772,0.671065,0.600660,4.382092,0.588345,0.000000,0.622751,1.986383,1.463457,2.634644,0.000000,0.928133,0.078596,1.361193,0.000000,0.000000,2.500750,0.347783,0.191548,0.000000,2.056399,0.089648,0.000000,1.061374,2.427350,0.674456,0.000000,0.000000,0.000000,0.000000,2.235038,0.013751,0.020238,0.000000,0.503485,0.036689,0.000000,0.348502,1.164649,0.000000,1.126156,0.000000,1.349691,1.532060,1.681435,0.622919,2.224611,1.775041,0.000000
5.900996,0.000000,0.000000,0.276331,4.987577,0.000000,0.000000,0.000000,5.095345,3.228673,4.572708,1.843185,2.202543,0.026365,3.833864,0.000000,0.000000,5.489213,0.000000,3.427724,0.000000,3.833717,0.002829,0.000000,0.000000,4.332211,0.184918,0.000000,0.000000,0.000000,0.000000,4.441490,0.000000,0.175398,0.000000,2.820172,0.000000,0.000000,0.893401,0.000000,0.000000,1.387733,0.000000,2.413001,4.072068,3.642336,2.011755,5.591706,3.029907,0.000000
4.020779,0.000000,0.000000,0.473033,3.941156,0.056854,0.000000,0.000000,3.338508,2.812791,3.059331,1.579256,1.309831,0.000000,2.803551,0.000000,0.000000,4.260944,0.000000,2.583951,0.000000,2.907649,0.256871,0.000000,0.000000,3.225282,0.000000,0.000000,0.000000,0.000000,0.141163,3.776150,0.001155,0.000000,0.000000,1.737690,0.000000,0.000000,0.489774,0.276049,0.000000,1.007133,0.000000,2.397950,3.375046,2.602059,1.723953,4.190572,2.623811,0.000000
4.673812,0.000000,0.000000,0.238061,3.907799,0.000000,0.000000,0.000000,3.970137,3.404522,3.518057,2.287055,1.415825,0.000000,3.600978,0.000000,0.000000,5.096123,0.000000,3.400926,0.000000,3.286166,0.191761,0.000000,0.000000,3.515261,0.000000,0.000000,0.000000,0.000000,0.000000,4.580106,0.000000,0.000000,0.000000,2.378612,0.000000,0.000000,0.595958,0.056411,0.000000,0.892104,0.000000,2.982096,4.098255,3.406523,1.649619,4.886092,2.754863,0.000000
5.070755,0.000000,0.000000,0.000000,3.742414,0.000000,0.000000,0.000000,4.539399,2.753924,3.551855,2.568611,1.624146,0.073566,3.481887,0.000000,0.000000,4.751420,0.000000,3.585745,0.000000,2.992453,0.000000,0.000000,0.000000,3.944077,0.000000,0.000000,0.000000,0.000000,0.000000,4.871437,0.000000,0.000000,0.000000,2.799331,0.000000,0.000000,0.936415,0.000000,0.000000,0.411368,0.000000,2.573810,4.444425,3.788402,1.391216,4.373192,2.494238,0.000000
3.969619,0.000000,0.022397,0.000000,3.062490,0.223118,0.000000,0.000000,3.409220,2.542604,2.980453,1.675072,1.185244,0.429098,2.996382,0.000000,0.000000,3.406332,0.000000,2.690172,0.000000,2.388165,0.316631,0.000000,0.000000,2.959364,0.000000,0.152171,0.000000,0.383203,0.000000,3.556547,0.336973,0.213348,0.000000,2.272245,0.000000,0.172170,0.701052,0.000000,0.000000,0.834016,0.000000,2.320549,3.027445,2.594293,1.081076,3.769226,2.178586,0.000000
3.550627,0.000000,0.000000,0.112013,2.229712,0.000000,0.000000,0.000000,3.233090,1.824813,2.579608,0.806775,1.269336,0.000000,2.753635,0.012529,0.000000,3.420268,0.000000,2.247397,0.000000,2.062072,0.175115,0.000000,0.000000,2.407033,0.000000,0.037471,0.000000,0.044588,0.000000,3.027879,0.000000,0.000000,0.000000,2.467241,0.000000,0.000000,1.017384,0.120668,0.000000,0.762726,0.000000,1.697269,2.186972,2.025369,1.175070,3.629999,1.838782,0.000000
4.370072,0.000000,0.000000,0.595991,4.218534,0.233608,0.000000,0.129244,3.445433,2.484336,3.059357,0.873913,0.964039,0.376835,2.316004,0.000000,0.000000,4.330751,0.000000,1.904795,0.000000,2.078913,0.799540,0.000000,0.441694,3.480674,0.436779,0.388421,0.000000,0.451609,0.624128,3.599271,0.292380,0.762220,0.000000,1.600921,0.000000,0.000000,1.216831,0.743748,0.000000,1.041354,0.000000,2.578919,3.356393,3.014984,1.331015,3.814707,2.939217,0.000000
4.399538,0.000000,0.000000,0.000000,3.270869,0.073874,0.000000,0.125126,3.869255,2.600832,2.903412,1.856950,1.091678,0.590142,2.908419,0.000000,0.000000,4.320444,0.204211,3.031323,0.000000,2.576761,0.267970,0.000000,0.000000,3.127892,0.087436,0.169615,0.000000,0.148021,0.033568,4.228087,0.625570,0.223934,0.000000,2.532429,0.000000,0.122919,1.195486,0.594990,0.000000,0.969906,0.000000,2.892539,3.655192,3.184274,1.089603,4.152296,2.270381,0.000000
5.393328,0.000000,0.000000,0.772764,4.380200,0.000000,0.000000,0.076886,3.823449,2.437800,3.479629,1.383894,1.490818,0.000000,2.554975,0.000000,0.000000,4.875787,0.000000,2.336999,0.000000,3.024781,0.000000,0.000000,0.000000,3.709452,0.780147,0.000000,0.000000,0.082462,0.000000,4.009695,0.502639,0.289012,0.000000,2.193969,0.000000,0.000000,0.632622,0.935836,0.000000,1.011803,0.000000,2.124570,3.401559,3.140067,1.607789,4.535648,2.629825,0.000000
3.387096,0.000000,0.569901,0.000000,2.967698,0.589336,0.000000,0.460848,3.178371,2.056200,1.847851,1.387951,0.953372,0.892893,2.582223,0.176228,0.000000,3.104975,0.423130,2.214661,0.000000,1.880826,0.437445,0.000000,0.302966,2.216405,0.065100,0.721864,0.000000,0.000136,0.671175,3.530692,0.135880,0.836749,0.000000,1.866992,0.663681,0.463756,0.984404,0.497378,0.000000,1.125621,0.000000,2.361377,2.899440,2.799821,0.864035,2.656454,1.688626,0.000000
3.971727,0.000000,0.000000,0.000000,3.143094,0.043213,0.000000,0.000000,3.523668,2.599698,2.911407,1.908310,1.329143,0.203527,3.073693,0.000000,0.000000,3.396140,0.000000,2.879167,0.000000,2.472924,0.054500,0.000000,0.000000,3.057299,0.000000,0.000000,0.000000,0.000000,0.000000,3.736609,0.024285,0.000000,0.000000,2.426705,0.000000,0.000000,0.598448,0.000000,0.000000,0.612765,0.000000,2.412723,3.257673,2.803692,1.145053,3.830276,2.110690,0.000000
2.933332,0.000000,0.000000,0.769144,3.296787,0.000000,0.000000,0.000000,2.119802,1.681796,2.147826,0.496683,0.460121,0.000000,1.509858,0.000000,0.000000,3.376040,0.000000,1.412186,0.000000,1.634893,0.508206,0.000000,0.579415,2.398835,0.357675,0.290846,0.000000,0.000000,0.062671,2.383510,0.000000,0.071139,0.000000,1.032448,0.000000,0.000000,1.157822,0.689471,0.000000,1.275827,0.000000,1.725976,2.525414,1.971483,1.241379,2.768445,1.910891,0.000000
3.851597,0.000000,0.000000,0.077822,2.984495,0.156614,0.000000,0.000000,3.615701,2.038469,3.109310,1.573925,1.205153,0.000000,2.617329,0.000000,0.000000,3.617293,0.000000,2.654256,0.000000,2.671551,0.000000,0.000000,0.000000,3.043552,0.000000,0.000000,0.000000,0.160384,0.000000,3.414158,0.216963,0.276177,0.000000,2.122540,0.000000,0.026568,0.617881,0.156305,0.000000,0.357885,0.000000,2.108593,2.974795,2.716399,1.297671,3.563309,2.020429,0.000000
3.494939,0.000000,0.000000,0.445243,2.600007,0.000000,0.000000,0.120861,3.096306,2.396186,2.722746,1.652226,0.714217,0.402618,2.598312,0.249120,0.000000,3.337872,0.139006,2.276507,0.000000,1.725235,0.734826,0.378683,0.000000,2.563363,0.082980,0.569792,0.000000,0.000000,0.332008,3.316903,0.551897,0.448894,0.000000,2.392127,0.000000,0.223839,1.127289,0.176606,0.000000,1.650888,0.000000,2.447130,3.207074,2.506559,0.661127,3.428851,2.247532,0.000000
3.236740,0.000000,0.000000,0.271279,2.378613,0.072185,0.000000,0.125114,2.881997,2.403176,2.434321,1.515015,0.523931,0.527905,2.447581,0.208684,0.000000,3.096598,0.245024,2.121698,0.000000,1.488906,0.689888,0.333369,0.000000,2.342726,0.000000,0.455964,0.000000,0.000000,0.200030,3.149721,0.364362,0.329471,0.000000,2.204676,0.000000,0.228997,1.059539,0.129765,0.000000,1.498659,0.000000,2.333640,3.002154,2.335174,0.550496,3.297652,2.035419,0.000000
4.084067,0.000000,0.158243,0.146731,3.535142,0.072255,0.000000,0.119328,3.957088,2.729128,2.978276,1.828107,1.230161,0.431026,2.789166,0.000000,0.000000,3.881619,0.000000,2.727341,0.000000,2.445295,0.164180,0.000000,0.015448,3.160816,0.000000,0.031522,0.000000,0.000000,0.000000,3.798893,0.318828,0.620503,0.000000,2.285258,0.000000,0.000000,0.944098,0.280921,0.000000,0.905041,0.000000,2.439196,3.455904,3.347852,1.379551,4.217875,2.124246,0.000000
3.718913,0.000000,0.389751,1.156111,3.179286,0.215748,0.000000,0.303046,3.397725,1.659845,3.117530,0.529905,1.726060,0.000000,2.163650,0.789057,0.000000,3.442370,0.149791,1.301083,0.000000,2.253800,0.485802,0.060012,0.095853,3.100471,0.580836,0.672843,0.000000,0.805235,0.910169,2.966298,0.395259,0.730279,0.000000,1.547789,0.000000,0.101664,0.573661,1.038610,0.000000,2.007114,0.000000,1.663357,2.843683,2.024320,1.617035,3.593491,3.071278,0.000000
4.746904,0.000000,0.000000,0.000000,3.852093,0.000000,0.000000,0.000000,4.045626,2.932260,3.524680,2.277833,1.606705,0.000000,3.576597,0.000000,0.000000,4.187808,0.000000,3.257570,0.000000,2.974442,0.000000,0.000000,0.000000,3.644034,0.000000,0.000000,0.000000,0.000000,0.000000,4.491228,0.000000,0.000000,0.000000,2.607639,0.000000,0.000000,0.389405,0.000000,0.000000,0.482461,0.000000,2.748640,4.013532,3.272964,1.357803,4.625937,2.255518,0.000000
5.612778,0.000000,0.000000,0.267218,3.720935,0.000000,0.000000,0.000000,4.887104,3.060647,4.191235,1.740865,2.138718,0.000000,3.927155,0.000000,0.000000,5.575832,0.000000,3.808769,0.000000,3.646909,0.144985,0.000000,0.000000,3.716667,0.000000,0.000000,0.000000,0.000000,0.000000,4.761334,0.000000,0.081217,0.000000,3.139817,0.000000,0.000000,1.008865,0.036810,0.000000,1.259655,0.000000,2.930818,4.355616,3.893534,1.731067,5.477247,3.181421,0.000000
5.815119,0.000000,0.000000,0.000000,4.936479,0.140171,0.000000,0.000000,5.325634,3.283026,4.347788,2.621781,1.970401,0.000000,3.986045,0.000000,0.000000,4.682847,0.000000,3.836824,0.000000,3.518847,0.000000,0.000000,0.000000,4.799660,0.000000,0.000000,0.000000,0.000000,0.000000,4.939205,0.000000,0.441675,0.000000,2.701871,0.000000,0.000000,0.904440,0.006696,0.000000,1.062989,0.000000,2.612212,4.303065,4.033884,1.555490,5.265814,2.609252,0.000000
4.560031,0.000000,0.000000,0.435912,3.269065,0.000000,0.000000,0.000000,3.839987,2.215962,2.849103,1.921721,0.846938,0.000000,2.533282,0.000000,0.000000,4.405417,0.000000,2.950643,0.000000,2.638856,0.000000,0.000000,0.000000,3.402568,0.182233,0.000000,0.000000,0.000000,0.000000,4.170762,0.333287,0.000000,0.000000,2.721837,0.000000,0.000000,1.207641,0.309233,0.000000,0.292203,0.000000,2.365056,3.691493,3.331533,1.536819,4.245521,2.705126,0.000000
6.100529,0.000000,0.000000,0.000000,5.330797,0.000000,0.000000,0.000000,5.097300,3.747619,4.542946,2.885682,1.506468,0.000000,4.415236,0.000000,0.000000,5.853209,0.000000,3.674289,0.000000,3.601426,0.000000,0.000000,0.000000,4.584550,0.000000,0.000000,0.000000,0.000000,0.000000,5.888089,0.000000,0.000000,0.000000,2.925850,0.000000,0.000000,0.549375,0.000000,0.000000,0.313663,0.000000,3.257509,5.002446,4.324019,1.651227,6.084149,2.884207,0.000000
4.641908,0.000000,0.443802,0.109569,4.857168,1.016224,0.000000,0.236772,3.583657,2.852139,3.910382,0.979116,1.336066,0.434829,2.899256,0.000000,0.000000,3.510768,0.021037,1.330649,0.000000,2.356076,0.585208,0.107810,0.591375,3.640930,0.331079,0.776300,0.000000,0.553244,0.063000,3.451203,0.377799,1.295303,0.000000,1.516181,0.253525,0.000000,0.529145,0.550077,0.000000,1.364771,0.000000,1.891634,2.599306,2.928220,1.777950,4.157978,2.523217,0.000000
3.425225,0.000000,0.000000,0.000000,2.279368,0.000000,0.000000,0.000000,3.512707,2.400086,2.451357,1.777809,1.357130,0.105113,2.869194,0.000000,0.000000,3.265793,0.094001,2.637104,0.000000,2.254694,0.045452,0.000000,0.000000,2.726088,0.000000,0.000000,0.000000,0.098745,0.122680,3.469383,0.111296,0.000000,0.000000,2.269472,0.000000,0.053032,0.551466,0.047009,0.000000,0.354219,0.000000,1.959404,3.148594,2.540409,1.040784,3.274590,2.379338,0.000000
3.406233,0.000000,0.000000,0.454924,2.742153,0.000000,0.000000,0.099744,3.060240,1.612896,2.107799,1.297455,0.795605,0.236778,1.753013,0.000000,0.000000,3.058229,0.159442,2.098422,0.000000,2.076556,0.181658,0.000000,0.000000,2.606975,0.460491,0.018611,0.000000,0.238447,0.186913,3.162195,0.577639,0.371044,0.000000,2.072711,0.000000,0.000000,1.075648,0.494810,0.000000,0.528955,0.000000,1.869040,2.699944,2.394261,1.233998,3.170375,2.081378,0.000000
5.528605,0.000000,0.000000,0.000000,3.514550,0.000000,0.000000,0.000000,5.205296,3.281269,4.005175,2.881186,1.817803,0.000000,3.910467,0.000000,0.000000,5.897846,0.000000,4.013149,0.000000,3.476042,0.000000,0.000000,0.000000,3.979326,0.000000,0.000000,0.000000,0.000000,0.000000,5.517005,0.049504,0.000000,0.000000,3.393864,0.000000,0.000000,1.163432,0.000000,0.000000,0.277892,0.000000,2.930808,5.087656,4.576521,1.353673,5.129990,3.078635,0.000000
6.312251,0.000000,0.000000,0.000000,4.017139,0.000000,0.000000,0.000000,5.778998,3.818687,4.404562,3.156612,2.105058,0.000000,4.598376,0.000000,0.000000,6.477487,0.000000,4.470328,0.000000,3.903710,0.000000,0.000000,0.000000,4.444935,0.000000,0.000000,0.000000,0.000000,0.000000,5.981923,0.000000,0.000000,0.000000,4.007486,0.000000,0.000000,1.036141,0.000000,0.000000,0.237828,0.000000,3.406024,5.610194,5.174884,1.785848,6.155867,3.450149,0.000000
4.004313,0.000000,0.000000,0.000000,3.363197,0.324430,0.000000,0.000000,3.251440,2.493960,3.014944,1.774195,1.007732,0.778949,2.874239,0.000000,0.000000,3.533758,0.000000,2.547135,0.000000,2.436980,0.594580,0.000000,0.000000,2.957499,0.000000,0.244983,0.000000,0.139520,0.555259,3.648358,0.184271,0.642585,0.000000,1.843925,0.429940,0.135715,0.665323,0.204293,0.000000,0.732949,0.000000,2.285440,3.116904,2.785985,1.347830,3.629703,2.540307,0.000000
5.104089,0.000000,0.000000,0.000000,4.257359,0.000000,0.000000,0.000000,4.195884,3.479894,3.975366,2.591905,1.311541,0.184011,4.129202,0.000000,0.000000,4.834054,0.000000,3.567517,0.000000,3.164742,0.254716,0.000000,0.000000,3.743525,0.000000,0.000000,0.000000,0.000000,0.000000,4.778802,0.000000,0.368814,0.000000,2.988874,0.000000,0.000000,0.752655,0.000000,0.000000,0.890729,0.000000,3.113640,4.055658,3.894020,1.484356,5.191257,2.741859,0.000000
4.690085,0.000000,0.000000,0.387142,4.319383,0.341341,0.000000,0.000000,3.322900,2.630439,3.513386,1.511553,1.559079,0.000000,3.099973,0.000000,0.000000,4.297739,0.000000,2.310158,0.000000,2.899438,0.000000,0.000000,0.000000,3.666241,0.000000,0.000000,0.000000,0.000000,0.000000,3.628769,0.000000,0.151250,0.000000,1.955037,0.000000,0.000000,0.614421,0.175193,0.000000,1.298071,0.000000,2.196923,3.455339,2.963075,1.553586,4.218341,2.061946,0.000000
4.059372,0.000000,0.143811,0.569045,3.741041,0.698283,0.000000,0.454793,2.895687,2.568052,3.215931,1.224182,1.275705,0.597797,2.772164,0.257957,0.000000,3.657554,0.313016,1.940972,0.000000,2.567651,0.238233,0.000000,0.071667,3.123315,0.176234,0.385701,0.000000,0.268172,0.185421,2.966243,0.000000,0.884525,0.000000,1.628753,0.214173,0.156476,0.855361,0.792586,0.000000,1.784815,0.000000,2.102903,2.803814,2.484276,1.315557,3.779662,1.803522,0.000000
3.766874,0.000000,0.168269,0.000000,3.056010,0.265475,0.000000,0.000000,2.816632,2.456448,2.880638,1.238840,0.558995,0.704478,2.140263,0.000000,0.000000,3.139665,0.134571,1.914982,0.000000,2.081102,0.177052,0.000000,0.069584,2.569493,0.000000,0.214192,0.000000,0.288193,0.000000,3.212596,0.000000,0.492971,0.000000,1.488785,0.000000,0.305868,0.416617,0.522319,0.000000,0.657599,0.000000,2.211844,3.117067,1.827070,1.032951,3.416028,2.055601,0.000000
3.376005,0.000000,0.137317,0.000000,2.608152,0.134944,0.000000,0.123129,2.527640,1.990304,2.521513,0.968438,0.664980,0.228009,1.527703,0.000000,0.000000,2.889508,0.173935,1.586641,0.000000,2.010541,0.000000,0.000000,0.151007,2.161607,0.064844,0.000000,0.000000,0.000000,0.000000,2.935648,0.007430,0.304092,0.000000,1.320922,0.000000,0.091914,0.351438,0.508156,0.000000,0.802653,0.000000,1.909553,3.017695,1.803789,1.228255,3.112237,1.777406,0.000000
4.682181,0.000000,0.000000,0.010950,3.783763,0.000000,0.000000,0.000000,4.228303,2.749803,3.428440,2.109159,1.662998,0.000000,3.128391,0.000000,0.000000,4.583922,0.000000,3.069936,0.000000,3.131680,0.000000,0.000000,0.000000,3.730908,0.000000,0.000000,0.000000,0.000000,0.000000,4.051067,0.000000,0.000000,0.000000,2.386839,0.000000,0.000000,0.574392,0.000000,0.000000,0.396702,0.000000,2.292106,3.949538,3.472190,1.537402,4.616088,2.746767,0.000000
3.908337,0.000000,0.196823,0.498816,3.187585,0.000000,0.000000,0.516915,3.537608,2.004591,2.975904,1.968877,1.375168,0.586144,2.763779,0.354120,0.000000,3.298829,0.191543,2.647763,0.000000,2.616169,0.454925,0.422128,0.000000,2.922574,0.358907,0.263191,0.000000,0.407923,0.344480,3.507905,0.621861,1.150442,0.000000,2.351487,0.066820,0.246201,1.340209,0.979026,0.000000,1.461919,0.000000,2.109410,2.947209,2.685646,1.037700,3.643436,1.895332,0.000000
4.856470,0.000000,0.000000,0.052009,4.431803,0.000000,0.000000,0.000000,4.134642,2.963033,3.818844,1.901355,1.758958,0.000000,2.983379,0.000000,0.000000,4.743344,0.000000,2.645288,0.000000,2.987486,0.000000,0.000000,0.000000,4.063620,0.000000,0.000000,0.000000,0.000000,0.000000,4.109557,0.000000,0.000000,0.000000,2.071275,0.000000,0.000000,0.159947,0.000000,0.000000,0.145252,0.000000,2.196597,4.032541,3.453767,1.607898,4.859947,2.454407,0.000000
5.676110,0.000000,0.000000,0.083370,4.039389,0.000000,0.000000,0.000000,5.080133,2.300970,3.923894,2.635755,2.618983,0.000000,3.285130,0.000000,0.000000,4.363705,0.000000,3.639478,0.000000,4.025059,0.000000,0.000000,0.000000,4.405290,0.165028,0.000000,0.000000,0.000000,0.000000,4.356703,0.000000,0.000000,0.000000,2.976631,0.000000,0.000000,0.593011,0.139278,0.000000,0.441202,0.000000,1.845114,4.664292,3.623780,1.863919,5.087887,2.972828,0.000000
5.696156,0.000000,0.000000,0.245534,4.261768,0.000000,0.000000,0.000000,5.137505,2.161954,3.894486,2.534038,2.381954,0.000000,3.322533,0.000000,0.000000,4.700908,0.000000,3.600307,0.000000,3.767630,0.000000,0.000000,0.000000,4.388775,0.000000,0.000000,0.000000,0.000000,0.000000,4.468829,0.000000,0.000000,0.000000,2.894236,0.000000,0.000000,0.555854,0.013632,0.000000,0.300518,0.000000,1.950176,4.827317,3.876896,1.975146,5.145810,3.089436,0.000000
3.522125,0.000000,0.000000,0.074276,2.948824,0.000000,0.000000,0.000000,3.227747,2.598615,2.378387,1.792935,0.912586,0.120560,2.640620,0.000000,0.000000,4.104641,0.000000,2.483244,0.000000,2.432657,0.509369,0.000000,0.000000,2.629562,0.000000,0.104688,0.000000,0.000000,0.138516,3.532048,0.373998,0.145775,0.000000,1.865376,0.000000,0.000000,0.584860,0.436699,0.000000,0.703092,0.000000,2.394030,3.193845,2.901051,1.116274,3.475802,2.516990,0.000000
3.454082,0.000000,0.000000,0.804430,2.349056,0.218892,0.000000,0.274710,3.434792,1.996943,2.789226,1.614812,1.425415,0.473894,2.444219,0.630953,0.000000,4.104360,0.467859,2.267897,0.000000,2.484989,0.704242,0.000000,0.000000,2.918980,0.581601,0.460141,0.000000,0.295082,0.427644,3.199128,0.151578,0.123240,0.000000,2.237471,0.000000,0.000000,0.841802,1.102791,0.000000,1.117247,0.000000,2.086730,3.147759,2.301131,1.208360,4.037599,2.691751,0.000000
4.212420,0.000000,0.000000,0.197134,3.172442,0.000000,0.000000,0.000000,3.832192,2.391851,3.033720,1.894677,1.414966,0.000000,2.616315,0.000000,0.000000,4.242376,0.000000,2.792762,0.000000,2.933966,0.119352,0.000000,0.000000,3.215611,0.063622,0.000000,0.000000,0.000000,0.000000,3.672843,0.000000,0.000000,0.000000,2.335432,0.000000,0.000000,0.654896,0.000000,0.000000,0.553836,0.000000,2.252349,3.594964,3.221741,1.347949,4.053563,2.756355,0.000000
4.832480,0.000000,0.000000,0.000000,3.637061,0.000000,0.000000,0.000000,3.969138,2.993545,3.774641,2.242469,1.217610,0.000000,3.443333,0.000000,0.000000,4.452582,0.000000,3.224943,0.000000,2.762974,0.000000,0.000000,0.000000,3.590529,0.000000,0.000000,0.000000,0.000000,0.000000,4.290715,0.000000,0.000000,0.000000,2.891850,0.000000,0.000000,0.753045,0.000000,0.000000,0.442206,0.000000,2.696743,4.381494,3.299445,1.340748,4.708762,2.852174,0.000000
4.637964,0.000000,0.000000,0.340305,4.423212,0.109997,0.000000,0.000000,4.155453,2.860511,3.831834,1.386630,1.599664,0.327280,3.455268,0.984901,0.000000,4.459623,0.000000,2.558841,0.000000,3.135936,0.532280,0.000000,0.000000,3.626061,0.556141,0.395367,0.000000,0.465322,0.720829,4.317574,0.826374,0.880556,0.000000,2.264750,0.042480,0.335660,0.799170,1.160598,0.000000,1.872460,0.000000,2.450967,3.229108,2.983690,1.655087,4.917382,3.221862,0.000000
4.967491,0.000000,0.000000,0.154389,4.343097,0.000000,0.000000,0.000000,4.201072,3.087624,3.671095,2.199301,1.930817,0.000000,3.110256,0.000000,0.000000,4.926363,0.000000,2.895401,0.000000,3.301214,0.000000,0.000000,0.000000,3.976735,0.000000,0.000000,0.000000,0.000000,0.000000,4.329447,0.000000,0.000000,0.000000,2.461535,0.000000,0.000000,0.293848,0.000000,0.000000,0.000000,0.000000,2.167421,4.218813,3.505491,1.606789,5.180477,2.625920,0.000000
5.326325,0.000000,0.000000,0.056111,5.199286,0.000000,0.000000,0.000000,4.185820,3.223942,4.448023,2.329716,1.671712,0.000000,3.669234,0.000000,0.000000,5.361516,0.000000,2.815726,0.000000,3.404799,0.000000,0.000000,0.000000,4.114320,0.000000,0.000000,0.000000,0.000000,0.000000,4.588781,0.000000,0.000000,0.000000,2.375861,0.000000,0.000000,0.181747,0.000000,0.000000,0.531321,0.000000,2.414660,4.310667,3.524107,1.929603,5.630432,2.884064,0.000000
4.868782,0.000000,0.000000,0.248848,3.746930,0.131551,0.000000,0.000000,4.015967,2.197316,3.494115,1.572670,1.778398,0.000000,3.361158,0.000000,0.000000,3.971447,0.000000,3.288558,0.000000,3.284924,0.000000,0.000000,0.016524,3.370167,0.074955,0.082248,0.000000,0.237238,0.098418,3.857190,0.031031,0.852750,0.000000,2.535802,0.000000,0.045007,1.084529,0.573942,0.000000,1.063462,0.000000,2.247184,3.367790,3.256856,1.668223,4.237299,2.065062,0.000000
4.803090,0.000000,0.000000,0.158353,3.989394,0.540926,0.000000,0.098213,3.792722,2.739733,3.502011,1.458831,1.354456,0.925865,2.510883,0.000000,0.000000,4.576557,0.000000,2.464231,0.000000,2.888990,0.332597,0.000000,0.000000,3.383305,0.467764,0.244758,0.000000,0.000000,0.483205,3.846182,0.183093,0.513531,0.000000,2.037572,0.203339,0.070928,0.817640,0.503771,0.000000,0.932873,0.000000,2.133465,3.532545,3.073443,1.241212,3.822917,2.567052,0.000000
3.583350,0.000000,0.182942,0.035744,2.452644,0.018524,0.000000,0.089524,3.033310,1.543696,1.991692,0.846067,1.184239,0.000000,2.165484,0.000000,0.000000,3.281515,0.083462,2.024463,0.000000,1.908608,0.030093,0.000000,0.094633,2.412576,0.079906,0.000000,0.000000,0.000000,0.162013,2.656287,0.000000,0.000000,0.000000,1.810761,0.000000,0.000000,1.194213,0.397182,0.000000,0.830707,0.000000,1.652204,2.491317,2.337027,0.906458,2.635371,2.200796,0.000000
3.570736,0.000000,0.520475,0.000000,3.762030,0.676404,0.000000,0.138111,3.520722,2.666218,3.512179,1.058414,1.476106,1.033334,2.720871,0.000000,0.000000,3.945145,0.000000,1.929369,0.000000,2.453525,0.374618,0.000000,0.000000,3.209653,0.000000,0.075586,0.000000,0.317654,0.000000,3.732988,0.158820,0.285522,0.000000,1.696284,0.000000,0.196812,0.549194,0.903339,0.000000,0.940373,0.000000,1.764936,2.601434,2.105513,1.181238,3.554726,2.414557,0.000000
4.935496,0.000000,0.269515,0.000000,4.438918,0.318342,0.000000,0.000000,4.134740,2.847132,3.598595,1.754724,1.967179,0.385390,3.403470,0.000000,0.000000,4.219091,0.000000,2.798682,0.000000,3.090246,0.000000,0.000000,0.000000,3.749278,0.000000,0.000000,0.000000,0.000000,0.000000,4.431794,0.000000,0.071595,0.000000,2.363608,0.000000,0.000000,0.429486,0.216192,0.000000,0.691031,0.000000,2.386500,3.402349,3.283056,1.160820,4.508054,1.978196,0.000000
6.849991,0.000000,0.000000,0.201089,4.588852,0.000000,0.000000,0.000000,5.705270,4.198140,4.821157,3.342479,2.612308,0.000000,4.761096,0.000000,0.000000,7.492744,0.000000,4.922294,0.000000,4.747128,0.000000,0.000000,0.000000,5.264737,0.000000,0.000000,0.000000,0.000000,0.000000,6.468189,0.000000,0.000000,0.000000,3.732733,0.000000,0.000000,0.598854,0.202624,0.000000,0.640245,0.000000,3.218579,6.110884,4.959374,2.101730,6.670376,3.867846,0.000000
5.784874,0.000000,0.000000,0.005833,4.069151,0.197951,0.000000,0.000000,4.681798,3.670027,4.215671,2.448452,2.167720,0.663052,3.740479,0.000000,0.000000,5.881589,0.000000,3.853757,0.000000,3.955665,0.000000,0.000000,0.000000,4.321869,0.000000,0.000000,0.000000,0.000000,0.000000,5.340471,0.000000,0.000000,0.000000,3.140431,0.000000,0.000000,0.622636,0.410909,0.000000,0.833328,0.000000,2.860835,5.018201,3.956576,1.771413,5.327260,3.369467,0.000000
3.582300,0.000000,0.000000,0.133591,3.265167,0.264969,0.000000,0.000000,3.081445,2.478701,2.137566,1.747468,1.295514,0.058925,2.682097,0.000000,0.000000,2.890604,0.000000,1.619912,0.000000,2.014298,0.000000,0.000000,0.000000,2.703661,0.000000,0.000000,0.000000,0.000000,0.002781,3.129784,0.000000,0.000000,0.000000,1.591965,0.000000,0.000000,0.482150,0.065235,0.000000,0.312655,0.000000,1.301660,2.489143,2.576560,0.876703,3.386099,1.924704,0.000000
6.383546,0.000000,0.000000,0.288051,4.820167,0.362654,0.000000,0.000000,4.885379,3.359896,4.411241,2.138577,2.262233,0.000000,3.900404,0.000000,0.000000,5.987533,0.000000,3.726325,0.000000,4.146726,0.000000,0.000000,0.000000,4.854344,0.000000,0.000000,0.000000,0.000000,0.000000,5.294558,0.000000,0.000000,0.000000,2.749694,0.000000,0.000000,0.616620,0.257345,0.000000,0.961684,0.000000,2.773025,4.667537,4.154982,1.754878,5.490892,3.209617,0.000000
3.632304,0.000000,0.441166,0.005326,3.157616,0.358141,0.000000,0.000000,2.495965,1.551042,2.878342,0.448979,1.326355,0.000000,2.628254,0.432960,0.000000,2.272203,0.000000,1.657152,0.000000,2.331580,0.118742,0.000000,0.000000,2.344679,0.000000,0.178649,0.000000,0.088486,0.000000,2.781071,0.000000,0.384417,0.000000,1.648059,0.302596,0.145411,0.153346,0.518163,0.000000,1.507249,0.000000,1.427576,1.586033,1.476762,1.543670,3.212984,1.612583,0.000000
4.369075,0.000000,0.000000,0.139495,3.666298,0.127402,0.000000,0.000000,3.851218,2.321558,3.603285,1.132582,1.389724,0.000000,2.746167,0.000000,0.000000,4.244200,0.000000,2.157433,0.000000,2.596517,0.064834,0.000000,0.000000,3.374211,0.172409,0.000000,0.000000,0.092007,0.000000,3.615954,0.000000,0.097902,0.000000,1.862998,0.000000,0.000000,0.541458,0.357826,0.000000,0.781361,0.000000,1.747143,2.743481,2.583445,1.589829,4.410612,2.462760,0.000000
4.600343,0.000000,0.070146,0.000000,3.037205,0.432578,0.000000,0.111757,4.046217,2.028310,2.847457,0.996894,1.408442,0.125261,2.918768,0.000000,0.000000,3.839819,0.000000,2.687794,0.000000,2.044405,0.372667,0.000000,0.200562,3.002457,0.274832,0.191275,0.000000,0.000000,0.255396,3.440827,0.000000,0.135326,0.000000,2.117407,0.000000,0.265271,1.234247,0.243995,0.000000,1.362862,0.000000,1.549596,2.732071,2.888588,1.266344,3.128184,2.801814,0.000000
4.225162,0.000000,0.417988,0.000000,3.179720,0.197262,0.000000,0.000000,3.592453,2.937436,3.231639,1.758967,1.612412,0.258250,3.378329,0.000000,0.000000,3.948262,0.000000,2.636880,0.000000,2.833651,0.000000,0.000000,0.000000,2.891399,0.000000,0.000000,0.000000,0.000000,0.000000,4.110344,0.045410,0.000000,0.000000,2.336063,0.000000,0.220774,0.152098,0.195138,0.000000,0.756989,0.000000,2.623102,3.487950,3.117585,0.761717,4.124464,2.160020,0.000000
10.531368,0.000000,0.000000,0.000000,9.483380,0.000000,0.000000,0.000000,8.621614,6.054256,8.135689,4.661239,3.184760,0.000000,7.549511,0.000000,0.000000,9.816644,0.000000,5.912549,0.000000,6.170995,0.000000,0.000000,0.000000,8.200877,0.000000,0.000000,0.000000,0.000000,0.000000,9.343545,0.000000,0.000000,0.000000,3.941077,0.000000,0.000000,0.000000,0.000000,0.000000,0.563956,0.000000,4.711506,8.017820,7.413514,3.100023,10.479795,4.725934,0.000000
3.536325,0.000000,0.189739,0.000000,2.008982,0.000000,0.000000,0.000000,3.465111,2.266414,2.457899,1.254941,1.644792,0.000000,2.517309,0.000000,0.000000,3.074003,0.000000,2.159292,0.000000,2.256869,0.149007,0.000000,0.000000,2.656269,0.000000,0.000000,0.000000,0.000000,0.000000,3.044165,0.000000,0.000000,0.000000,2.234247,0.000000,0.000000,0.267716,0.000000,0.000000,0.385887,0.000000,1.952175,3.019416,2.682902,0.937966,3.203127,2.334156,0.000000
3.700130,0.000000,0.000000,0.000000,2.093502,0.000000,0.000000,0.000000,3.517566,2.355632,2.292006,1.406515,1.816249,0.000000,2.715687,0.000000,0.000000,3.356513,0.000000,2.517746,0.000000,2.429319,0.049103,0.000000,0.000000,2.478705,0.060439,0.000000,0.000000,0.000000,0.000000,3.236902,0.000000,0.000000,0.000000,2.461654,0.000000,0.000000,0.450195,0.000000,0.000000,0.410776,0.000000,2.056991,3.016374,3.022391,0.910661,3.270378,2.233778,0.000000
4.348172,0.000000,0.000000,0.000000,4.182468,0.539603,0.000000,0.000000,3.573012,2.737008,3.464931,1.235066,0.942014,0.068934,2.536476,0.000000,0.000000,3.736935,0.000000,1.650571,0.000000,2.411236,0.000000,0.000000,0.000000,3.382133,0.000000,0.000000,0.000000,0.000000,0.000000,3.907800,0.000000,0.409131,0.000000,1.533053,0.000000,0.000000,0.385075,0.183408,0.000000,0.744842,0.000000,2.150978,3.661848,2.851188,1.404319,3.921520,2.173582,0.000000
3.629280,0.000000,0.000000,0.000000,2.716162,0.497363,0.000000,0.177044,3.705914,2.175796,2.105204,1.253765,1.325588,0.741619,2.078151,0.532884,0.000000,2.933581,0.529534,1.622605,0.000000,2.195811,0.312044,0.000000,0.144468,2.328894,0.260326,0.394623,0.000000,0.000000,0.706298,3.302745,0.000000,0.396491,0.000000,1.592254,0.531211,0.195581,0.688622,0.031401,0.000000,0.543043,0.000000,1.916536,3.054938,2.482289,1.390525,3.182230,2.387251,0.000000
8.066429,0.000000,0.000000,0.402372,6.269123,0.000000,0.000000,0.000000,6.028067,3.744392,5.897371,2.492332,2.809366,0.000000,4.955775,0.000000,0.000000,7.297267,0.000000,4.134977,0.000000,4.876029,0.000000,0.000000,0.000000,5.760156,0.000000,0.000000,0.000000,0.000000,0.000000,6.376375,0.000000,0.000000,0.000000,3.624247,0.000000,0.000000,0.325739,0.168063,0.000000,0.383363,0.000000,2.957951,5.778903,5.235638,2.396598,7.593522,3.827302,0.000000
4.327320,0.000000,0.000000,0.412143,3.210095,0.000000,0.000000,0.000000,3.916063,2.202062,2.972738,1.545170,2.094769,0.000000,2.876486,0.000000,0.000000,4.063441,0.000000,2.748588,0.000000,2.953460,0.000000,0.000000,0.000000,3.155415,0.098101,0.000000,0.000000,0.000000,0.000000,3.329851,0.000000,0.000000,0.000000,2.265532,0.000000,0.000000,0.884605,0.012856,0.000000,0.685830,0.000000,1.540619,3.204795,2.979876,1.500408,3.950649,2.352074,0.000000
10.441703,0.000000,0.000000,0.000000,9.692605,0.000000,0.000000,0.000000,8.109775,6.000063,7.748692,4.333545,3.501091,0.000000,7.747231,0.000000,0.000000,10.272064,0.000000,6.116570,0.000000,6.585804,0.000000,0.000000,0.000000,8.115637,0.000000,0.000000,0.000000,0.000000,0.000000,9.445492,0.000000,0.000000,0.000000,4.197534,0.000000,0.000000,0.000000,0.000000,0.000000,0.805238,0.000000,5.169793,8.016554,6.939567,3.239731,10.572033,4.839780,0.000000
7.222081,0.000000,0.000000,0.000000,6.441294,0.000000,0.000000,0.000000,5.833913,4.655548,5.457490,3.338419,2.247653,0.000000,5.273454,0.000000,0.000000,7.105888,0.000000,4.824759,0.000000,4.558985,0.000000,0.000000,0.000000,5.837105,0.000000,0.000000,0.000000,0.000000,0.000000,6.843482,0.000000,0.000000,0.000000,3.207916,0.000000,0.000000,0.330505,0.000000,0.000000,0.732904,0.000000,3.931616,5.853568,4.923967,2.277112,7.342303,3.794162,0.000000
5.676569,0.000000,0.000000,0.000000,5.061631,0.000000,0.000000,0.000000,4.694785,3.482344,4.270859,2.412751,1.375487,0.000000,4.082313,0.000000,0.000000,5.483981,0.000000,3.733526,0.000000,3.359446,0.000000,0.000000,0.000000,4.512706,0.000000,0.000000,0.000000,0.000000,0.000000,5.471153,0.000000,0.000000,0.000000,2.743899,0.000000,0.000000,0.430857,0.000000,0.000000,0.482600,0.000000,3.328743,4.511475,3.861404,1.920044,5.599363,3.022045,0.000000
4.146649,0.000000,0.000000,0.480799,3.048913,0.000000,0.000000,0.000000,3.900509,2.060730,2.772829,1.651383,1.957892,0.000000,2.664505,0.000000,0.000000,3.881741,0.000000,2.706165,0.000000,2.767031,0.000000,0.000000,0.000000,3.021535,0.277825,0.000000,0.000000,0.000000,0.000000,3.175697,0.000000,0.155891,0.000000,2.354743,0.000000,0.000000,0.992498,0.019429,0.000000,0.534926,0.000000,1.426288,3.163976,3.033393,1.380605,3.739518,2.076689,0.000000
5.096725,0.000000,0.000000,0.000000,4.695168,0.139780,0.000000,0.000000,4.504957,3.551981,4.083175,2.067414,1.200322,0.290552,3.970664,0.000000,0.000000,4.990881,0.000000,3.463714,0.000000,3.079299,0.439872,0.000000,0.000000,4.133114,0.000000,0.000000,0.000000,0.262872,0.000000,5.020935,0.000000,0.401233,0.000000,2.586135,0.000000,0.000000,0.614948,0.367668,0.000000,1.065681,0.000000,3.363679,3.919472,3.314945,1.852725,5.472261,3.118591,0.000000
3.129967,0.000000,0.000000,0.296393,3.205733,0.000000,0.000000,0.294472,3.223512,1.878224,2.290351,1.474376,1.053496,0.102527,2.354810,0.000000,0.000000,2.983036,0.194372,2.201522,0.000000,2.013324,0.517037,0.096704,0.367621,2.779573,0.422641,0.320846,0.000000,0.144900,0.330280,2.928060,0.369108,0.779705,0.000000,1.716661,0.011317,0.236519,1.170903,0.595964,0.000000,0.765199,0.000000,2.019727,2.613075,2.567943,1.064577,2.937930,2.015906,0.000000
4.383007,0.000000,0.173528,0.690910,3.703715,0.167076,0.000000,0.000000,2.839677,1.720898,3.532689,0.658489,1.497940,0.000000,1.848377,0.000000,0.000000,3.644977,0.000000,1.604702,0.000000,2.627156,0.000000,0.000000,0.339840,2.960813,0.613317,0.000000,0.000000,0.111565,0.000000,2.993903,0.006046,0.193854,0.000000,1.705956,0.000000,0.000000,0.406151,1.046390,0.000000,1.076887,0.000000,1.204167,2.192360,1.993934,1.170438,3.930615,2.107780,0.000000
9.952593,0.000000,0.000000,0.000000,8.349178,0.000000,0.000000,0.000000,7.858493,5.159792,7.463886,4.108981,3.324868,0.000000,6.418563,0.000000,0.000000,9.651952,0.000000,5.498485,0.000000,6.222208,0.000000,0.000000,0.000000,7.625787,0.000000,0.000000,0.000000,0.000000,0.000000,8.699801,0.000000,0.000000,0.000000,4.204098,0.000000,0.000000,0.101012,0.000000,0.000000,0.154983,0.000000,4.108708,7.903610,6.780877,2.884028,9.420732,4.677353,0.000000
5.839491,0.000000,0.000000,0.080666,4.749144,0.000000,0.000000,0.000000,5.048540,3.382474,4.262115,2.721827,2.258240,0.000000,4.298499,0.000000,0.000000,5.932929,0.000000,3.858817,0.000000,3.834497,0.000000,0.000000,0.000000,4.409143,0.000000,0.000000,0.000000,0.000000,0.000000,5.052146,0.000000,0.000000,0.000000,2.900316,0.000000,0.000000,0.760947,0.000000,0.000000,0.432560,0.000000,2.563000,4.856522,4.211471,2.077700,5.747378,3.080563,0.000000
3.514884,0.000000,0.691617,0.058821,1.271077,0.023855,0.000000,0.440023,3.638984,2.048192,2.257333,1.297238,2.169662,0.560324,2.985894,0.011534,0.000000,3.307931,0.505889,2.799021,0.000000,2.606484,0.611462,0.000000,0.000000,2.341821,0.000000,0.356627,0.000000,0.320827,0.398512,4.081215,0.716368,0.209666,0.000000,2.579939,0.000000,0.585468,0.876341,1.094327,0.000000,1.140146,0.000000,1.485224,3.075301,2.331012,0.391201,2.628341,2.372400,0.000000
4.436321,0.000000,0.000000,0.000000,2.930574,0.000000,0.000000,0.000000,3.445253,3.045393,2.715390,2.002815,1.243893,0.000000,3.360069,0.000000,0.000000,4.982609,0.000000,2.856286,0.000000,2.057575,0.000000,0.000000,0.000000,3.079889,0.000000,0.000000,0.000000,0.000000,0.000000,4.502756,0.337080,0.000000,0.000000,2.522510,0.000000,0.000000,0.637607,0.108072,0.000000,0.489742,0.000000,2.651270,4.418157,3.793196,0.919985,4.079979,2.276079,0.000000
4.469937,0.000000,0.000000,0.000000,2.577427,0.000000,0.000000,0.000000,3.742450,3.079278,2.690203,1.990912,1.155621,0.074439,3.666178,0.000000,0.000000,4.764265,0.000000,3.203038,0.000000,1.968745,0.301336,0.000000,0.000000,2.841693,0.000000,0.000000,0.000000,0.000000,0.000000,4.522628,0.410066,0.000000,0.000000,2.451439,0.000000,0.000000,0.617869,0.174811,0.000000,0.889095,0.000000,2.659206,3.907532,3.382795,0.869302,4.148510,2.481531,0.000000
5.297031,0.000000,0.000000,0.342549,5.099454,0.095039,0.000000,0.000000,4.121174,2.489648,4.192978,1.388543,2.054072,0.000000,2.897168,0.000000,0.000000,4.561134,0.000000,2.104058,0.000000,3.327690,0.000000,0.000000,0.000000,4.215202,0.000000,0.000000,0.000000,0.000000,0.000000,4.013799,0.000000,0.000000,0.000000,1.959618,0.000000,0.000000,0.208972,0.275972,0.000000,0.871158,0.000000,1.762959,3.493398,2.840007,1.808083,5.066282,2.453069,0.000000
5.979597,0.000000,0.000000,0.000000,4.357033,0.000000,0.000000,0.000000,5.167018,3.281001,4.087741,2.925946,2.210571,0.000000,4.166147,0.000000,0.000000,5.637844,0.000000,4.073843,0.000000,3.522238,0.000000,0.000000,0.000000,4.609349,0.000000,0.000000,0.000000,0.000000,0.000000,5.166378,0.000000,0.000000,0.000000,2.804741,0.000000,0.000000,0.488583,0.000000,0.000000,0.341253,0.000000,2.432491,4.729358,4.298820,1.850302,5.676376,2.791390,0.000000
5.064009,0.000000,0.000000,0.807563,4.099512,0.000000,0.000000,0.000000,4.204099,2.456049,3.400467,1.637357,1.791355,0.000000,2.775164,0.013155,0.000000,4.417773,0.000000,2.459683,0.000000,2.936267,0.000000,0.000000,0.000000,3.762562,0.593719,0.000000,0.000000,0.078758,0.000000,3.887955,0.000000,0.624858,0.000000,2.076341,0.000000,0.000000,0.504074,0.313172,0.000000,0.901096,0.000000,1.660204,3.222446,3.401092,2.028474,4.885239,2.495461,0.000000
7.066647,0.000000,0.000000,0.175522,6.571282,0.000000,0.000000,0.000000,5.162227,3.503044,5.277061,2.319298,2.592815,0.000000,4.248171,0.000000,0.000000,6.338386,0.000000,3.156037,0.000000,4.140078,0.000000,0.000000,0.000000,5.437130,0.000000,0.000000,0.000000,0.000000,0.000000,5.512866,0.000000,0.000000,0.000000,2.496510,0.000000,0.000000,0.000000,0.000000,0.000000,0.846105,0.000000,2.766935,5.209726,4.220344,2.380393,6.588605,3.461398,0.000000
5.695487,0.000000,0.000000,0.540893,5.467903,0.000000,0.000000,0.000000,4.009752,2.695498,4.056909,1.410336,2.267646,0.000000,3.016065,0.000000,0.000000,4.868690,0.000000,2.166511,0.000000,3.350950,0.000000,0.000000,0.000000,4.320373,0.000000,0.000000,0.000000,0.000000,0.000000,4.086053,0.000000,0.000000,0.000000,1.751418,0.000000,0.000000,0.038811,0.167041,0.000000,0.913371,0.000000,2.081763,3.873222,3.199885,2.107394,5.151927,2.704430,0.000000
4.442326,0.000000,0.000000,0.367200,3.826077,0.000000,0.000000,0.000000,4.173251,2.347832,3.095026,1.662619,1.716923,0.000000,2.892845,0.000000,0.000000,4.312562,0.000000,2.879105,0.000000,2.840103,0.000000,0.000000,0.000000,3.699048,0.000000,0.000000,0.000000,0.000000,0.000000,3.619555,0.000000,0.233103,0.000000,2.271936,0.000000,0.000000,0.718254,0.088569,0.000000,0.425338,0.000000,2.136366,3.757574,3.517330,1.581347,4.264395,2.356642,0.000000
3.251278,0.000000,0.051054,0.000000,3.016412,0.283989,0.000000,0.000000,2.699482,2.151803,2.934352,1.284473,1.073391,0.486917,2.530984,0.034785,0.000000,2.758354,0.000000,1.644661,0.000000,2.127856,0.389492,0.000000,0.000000,2.548331,0.000000,0.508389,0.000000,0.000000,0.319516,2.671293,0.000000,0.412229,0.000000,1.609617,0.156623,0.089492,0.697026,0.254043,0.000000,1.175455,0.000000,1.617357,2.689664,1.977410,1.252881,3.321480,2.179067,0.000000
4.843253,0.000000,0.000000,0.000000,3.809542,0.000000,0.000000,0.000000,4.451770,2.755870,4.182417,2.018011,1.951416,0.146975,3.722259,0.000000,0.000000,4.747657,0.000000,3.257741,0.000000,3.330965,0.000000,0.000000,0.000000,3.601178,0.000000,0.000000,0.000000,0.000000,0.000000,4.670199,0.000000,0.000000,0.000000,3.030818,0.000000,0.000058,0.644939,0.091523,0.000000,0.976435,0.000000,2.935136,4.350125,3.195921,1.053859,5.018613,2.665916,0.000000
2.601298,0.000000,0.069080,0.000000,2.394736,0.222142,0.000000,0.000000,2.286527,1.843198,1.822813,0.893464,0.949757,0.101352,2.308957,0.000000,0.000000,2.850392,0.000000,1.989891,0.000000,1.768012,0.493439,0.000000,0.000000,1.997052,0.000000,0.000000,0.000000,0.000000,0.050167,2.580307,0.000000,0.174534,0.000000,1.333122,0.000000,0.000000,0.541538,0.236774,0.000000,0.596454,0.000000,2.014674,2.063925,2.123457,0.433085,2.412094,1.342384,0.000000
4.151672,0.000000,0.000000,0.396128,2.679356,0.000000,0.000000,0.000000,4.013572,2.074656,2.855247,1.817806,1.359713,0.000000,2.640520,0.000000,0.000000,4.301047,0.000000,3.015074,0.000000,2.678454,0.043849,0.000000,0.000000,3.062559,0.091869,0.000000,0.000000,0.000000,0.077264,3.712700,0.000000,0.165108,0.000000,2.549365,0.000000,0.000000,1.255195,0.062273,0.000000,0.631798,0.000000,2.092763,3.368525,3.177007,1.449418,4.025420,2.430948,0.000000
4.422170,0.000000,0.000000,0.589429,3.545332,0.000000,0.000000,0.000000,4.440829,2.411070,3.473932,1.918658,1.471390,0.000000,2.609100,0.000000,0.000000,4.156346,0.000000,3.030411,0.000000,2.921996,0.000000,0.000000,0.039950,3.631918,0.268281,0.110437,0.000000,0.378195,0.000000,3.940029,0.298336,0.615381,0.000000,2.453704,0.000000,0.000000,1.237397,0.217237,0.000000,0.813454,0.000000,1.912550,3.445012,3.275140,1.738078,4.699596,2.381085,0.000000
5.290884,0.000000,0.000000,0.258194,4.495008,0.000000,0.000000,0.000000,4.456044,2.923222,4.250850,2.270519,2.088077,0.000000,3.530184,0.000000,0.000000,4.824606,0.000000,3.353701,0.000000,3.563477,0.000000,0.000000,0.000000,4.219240,0.000000,0.000000,0.000000,0.000000,0.000000,4.225579,0.000000,0.000000,0.000000,2.528293,0.000000,0.000000,0.526989,0.000000,0.000000,0.597458,0.000000,2.268832,4.063360,3.482996,1.871994,5.210086,2.449214,0.000000
5.101260,0.000000,0.000000,0.446270,4.441140,0.000000,0.000000,0.000000,4.225260,2.813039,4.085527,1.798569,1.954993,0.000000,3.110004,0.000000,0.000000,4.371665,0.000000,2.878438,0.000000,3.198921,0.000000,0.000000,0.000000,4.009694,0.000000,0.000000,0.000000,0.000000,0.000000,3.798330,0.000000,0.265909,0.000000,2.408105,0.000000,0.000000,0.603077,0.020036,0.000000,0.674922,0.000000,2.027466,3.469282,3.295470,1.820446,4.869745,2.280905,0.000000
3.697184,0.000000,0.000000,0.469856,2.522569,0.000000,0.000000,0.000000,3.831048,1.987323,2.718966,1.528299,1.240813,0.000000,2.355852,0.213891,0.000000,3.822741,0.096153,2.735863,0.000000,2.516532,0.254717,0.000000,0.000000,2.868555,0.383372,0.462837,0.000000,0.322361,0.351268,3.356003,0.204111,0.377458,0.000000,2.198949,0.000000,0.021381,1.169528,0.151394,0.000000,0.693628,0.000000,1.884811,2.874460,2.798860,1.433098,3.891533,2.333399,0.000000
3.055242,0.000000,0.475773,0.176947,1.063380,0.000000,0.000000,0.327082,2.977698,1.830058,1.942281,0.969689,1.359248,0.030504,2.211796,0.052543,0.000000,3.254699,0.260130,1.943580,0.000000,1.938221,0.065613,0.000000,0.001608,1.990981,0.486272,0.298177,0.000000,0.099837,0.002393,2.839741,0.478122,0.000000,0.000000,2.395828,0.000000,0.551659,0.783566,0.371814,0.000000,0.946531,0.000000,1.673988,2.860067,2.402424,0.448206,2.551108,1.953359,0.000000
4.643721,0.000000,0.000000,0.296876,2.965362,0.000000,0.000000,0.000000,4.249078,2.930454,3.698359,2.249827,2.056260,0.000000,3.010885,0.000000,0.000000,4.779900,0.000000,3.346328,0.000000,3.409788,0.000000,0.000000,0.000000,3.503145,0.094718,0.000000,0.000000,0.000000,0.000000,4.161248,0.000000,0.000000,0.000000,3.050243,0.000000,0.000000,0.541743,0.000000,0.000000,0.337398,0.000000,2.213672,4.307802,3.835840,1.504295,4.626231,2.649139,0.000000
4.320632,0.000000,0.000000,0.000000,4.342911,0.262099,0.000000,0.000000,3.555383,2.629285,2.943597,1.686936,1.461667,0.000000,3.332651,0.000000,0.000000,3.839180,0.000000,2.502573,0.000000,2.666760,0.000000,0.000000,0.000000,3.510309,0.000000,0.000000,0.000000,0.000000,0.000000,3.916961,0.000000,0.077928,0.000000,1.631564,0.000000,0.000000,0.366525,0.586387,0.000000,0.519281,0.000000,2.158694,3.141366,3.406935,1.284453,3.977058,1.897739,0.000000
4.917097,0.000000,0.000000,0.000000,3.667128,0.035062,0.000000,0.000000,4.603797,1.640743,3.839247,2.106549,1.702308,0.000000,2.840067,0.000000,0.000000,4.036143,0.000000,2.790877,0.000000,2.604868,0.000000,0.000000,0.000000,3.367521,0.000000,0.000000,0.000000,0.000000,0.000000,3.808878,0.000000,0.240266,0.000000,2.407899,0.000000,0.000000,1.066059,0.098300,0.000000,0.450868,0.000000,2.135488,3.491560,3.099082,1.143643,4.557083,2.303350,0.000000
3.738653,0.000000,0.000000,0.266220,3.107953,0.000000,0.000000,0.000000,3.443526,2.150171,2.920649,1.827327,1.230698,0.425742,2.681241,0.008172,0.000000,3.423855,0.159528,2.473017,0.000000,2.580868,0.154459,0.000000,0.000000,2.894502,0.238963,0.712642,0.000000,0.615702,0.548095,3.308939,0.039412,0.571462,0.000000,2.164033,0.272174,0.256806,1.228850,0.102137,0.000000,0.623475,0.000000,1.610906,2.922111,2.617312,1.507809,3.653322,1.900344,0.000000
3.919146,0.000000,0.316526,0.000000,4.040726,0.676767,0.000000,0.000000,3.006035,2.588657,2.920389,1.452866,1.390439,0.257219,3.086868,0.000000,0.000000,3.175631,0.000000,1.985597,0.000000,2.357019,0.000000,0.000000,0.000000,3.163721,0.000000,0.000000,0.000000,0.128789,0.000000,3.540622,0.000000,0.224526,0.000000,1.446949,0.155719,0.000000,0.405152,0.481245,0.000000,0.756348,0.000000,2.010964,2.521798,2.602110,0.952833,3.673843,1.590729,0.000000
0.352292,0.000000,3.115865,0.774592,0.000000,1.990685,0.000000,3.390753,0.517479,0.546459,0.455234,0.066824,0.000000,3.888191,0.443657,2.596358,0.000000,1.725296,2.960103,0.494359,0.000000,0.532047,2.360019,3.528738,2.477595,0.000000,1.688364,4.387320,0.000000,2.583309,3.009516,0.985289,2.566733,2.685059,0.000000,0.416680,2.324538,3.258224,2.423083,1.995654,0.000000,2.751045,0.000000,0.646311,0.870556,0.689184,0.365303,0.027295,0.668233,0.000000
0.000000,0.000000,3.377841,1.122248,0.000000,1.987200,0.000000,4.918379,0.377372,0.411589,0.132759,0.118339,0.079531,4.300530,0.463268,3.149327,0.000000,0.748136,4.231282,0.155772,0.000000,0.844289,3.440489,5.531340,4.274540,0.000000,2.128418,5.380680,0.000000,3.446702,3.928991,0.270530,3.027259,3.535225,0.000000,0.000000,3.938380,3.896803,3.141271,3.253270,0.000000,2.838593,0.000000,0.029947,0.181689,0.181923,0.000000,0.000000,0.144346,0.000000
0.364988,0.000000,3.276477,1.475943,0.009370,2.062037,0.000000,5.002869,0.699426,0.144493,0.000000,0.444550,0.079674,4.636156,0.569778,3.064099,0.000000,0.671742,4.159861,0.151666,0.000000,1.114239,2.834176,4.818885,3.341043,0.003757,2.526237,5.298016,0.000000,2.572737,3.831141,0.627144,2.512879,3.502622,0.000000,0.000000,4.382647,3.982379,2.828803,2.546319,0.000000,2.516161,0.000000,0.708821,0.269597,0.246422,0.000000,0.000000,0.730166,0.000000
0.000000,0.000000,2.899765,1.083558,0.000000,2.172369,0.000000,4.418210,0.369436,0.500954,0.187839,0.322983,0.000000,4.066387,0.511461,3.131042,0.000000,0.506435,3.886876,0.048951,0.000000,0.720576,2.601720,5.022730,3.149807,0.000000,2.124862,4.867518,0.000000,2.715795,3.720765,0.696968,2.516156,3.191313,0.000000,0.000000,3.766829,3.959942,2.783277,2.530296,0.000000,2.464903,0.000000,0.237634,0.209210,0.331387,0.000000,0.000000,0.000000,0.000000
0.000000,0.000000,3.668296,0.237722,0.004439,1.888394,0.000000,3.588623,0.628254,0.439776,1.051126,0.000000,0.043128,3.936442,0.202857,2.146693,0.000000,0.966219,2.550132,0.000000,0.000000,0.367485,2.125820,4.380439,2.519355,0.000000,1.556002,4.379592,0.000000,2.379027,2.732126,0.454831,2.307422,2.952632,0.000000,0.246708,2.488181,3.601568,2.259130,1.726534,0.000000,1.971245,0.000000,0.412784,0.602829,0.469253,0.115917,0.000000,0.577781,0.000000
0.089350,0.000000,2.891793,1.493762,0.000000,1.605835,0.000000,3.241110,0.653834,0.552020,0.596617,0.107058,0.531584,4.052941,0.377577,3.556994,0.000000,0.638569,3.829508,0.135889,0.000000,0.817175,3.178613,4.020504,3.329935,0.000000,1.708077,5.142823,0.000000,3.031979,3.814329,0.747715,2.775578,2.878385,0.000000,0.235064,3.591089,3.909379,2.943624,1.903105,0.000000,3.120872,0.000000,0.000000,0.260623,0.000000,0.000000,0.000000,0.144751,0.000000
0.044297,0.000000,2.633624,1.610414,0.110514,2.057213,0.000000,3.511617,0.325497,0.421045,0.431889,0.273795,0.000000,3.922377,0.752340,4.008414,0.000000,0.846058,3.753733,0.000000,0.000000,0.770970,2.824155,4.703976,2.855552,0.000000,1.706674,4.717847,0.000000,2.274643,3.885449,0.590537,2.230453,3.424376,0.000000,0.000000,3.898855,3.717270,2.783244,2.293515,0.000000,3.049300,0.000000,0.060134,0.000000,0.248480,0.374442,0.000000,0.056498,0.000000
0.000000,0.000000,3.277861,2.033096,0.000000,2.419030,0.000000,3.909304,0.185942,0.000000,0.321531,0.000000,0.062333,3.678599,0.709308,4.291557,0.000000,0.640970,4.393733,0.097122,0.000000,0.512178,3.305709,4.587011,3.824905,0.000000,2.334849,5.605886,0.000000,2.961973,4.082140,0.289038,3.342391,3.056828,0.000000,0.000000,4.181394,3.860447,2.985322,2.720710,0.000000,3.100112,0.000000,0.000000,0.000000,0.000000,0.000000,0.000000,0.160817,0.000000
0.000000,0.000000,3.482798,0.950913,0.000000,2.268222,0.000000,4.376925,0.264946,0.063323,0.472300,0.003414,0.028301,4.075581,0.366289,3.060671,0.000000,0.255817,3.927271,0.000000,0.000000,0.738931,3.221522,4.551663,3.425668,0.000000,1.689862,5.024697,0.000000,2.903016,3.504323,0.422012,2.580231,3.384559,0.000000,0.000000,3.660759,3.705828,2.908203,2.346206,0.000000,2.557621,0.000000,0.092977,0.153071,0.000000,0.000000,0.000000,0.094421,0.000000
0.343309,0.000000,1.999692,2.502727,0.000000,1.826972,0.000000,3.405636,0.624410,0.169483,0.000000,0.000000,0.059031,2.933256,0.000000,3.841623,0.000000,0.727222,3.521739,0.000000,0.000000,0.349767,3.067926,3.428433,2.639916,0.147222,2.179785,4.687111,0.000000,2.943414,3.831228,0.352625,2.816086,3.002289,0.000000,0.000000,2.924829,2.404435,2.493732,1.867059,0.000000,2.460686,0.000000,0.731448,0.129255,0.000000,0.000000,0.046777,0.718713,0.000000
1.149457,0.000000,2.079434,2.156950,0.311262,1.475755,0.000000,2.954662,1.007239,0.213377,0.297826,0.299786,0.569809,2.757520,0.533483,3.192360,0.000000,1.105035,3.127423,0.293783,0.000000,0.965631,2.625240,3.232019,2.479736,0.390701,1.862880,4.221664,0.000000,2.284893,3.517336,0.716413,2.145026,2.919673,0.000000,0.104087,2.880219,2.615700,2.370877,1.834185,0.000000,2.553537,0.000000,0.403225,0.116080,0.682016,0.291418,0.100877,0.790991,0.000000
0.000000,0.000347,1.531419,2.082200,0.049019,1.172525,0.000000,2.044689,0.370918,0.282919,0.003113,0.000000,0.000000,1.979794,0.000000,2.626328,0.000000,0.275413,2.646966,0.137674,0.000000,0.155752,2.314259,2.684224,2.042525,0.023238,1.698717,3.499843,0.000000,2.212225,3.067980,0.359331,2.302984,2.258803,0.000000,0.000000,2.198965,1.533074,1.625003,1.919703,0.000000,2.146032,0.000000,0.653648,0.338743,0.000000,0.000000,0.000000,0.144049,0.000000
0.000000,0.000000,4.101321,1.410183,0.000000,2.419759,0.000000,4.846745,0.196893,0.525540,0.000000,0.000000,0.085741,5.262348,0.043340,4.849694,0.000000,0.270150,5.541246,0.000000,0.000000,0.561508,4.595201,5.718156,4.655468,0.000000,2.391108,7.331802,0.000000,4.389965,5.555914,0.000000,3.690867,3.957288,0.000000,0.000000,4.705222,4.488135,3.654406,3.204754,0.000000,3.048515,0.000000,0.000000,0.600344,0.000000,0.000000,0.000000,0.091619,0.000000
0.000000,0.000000,3.697906,1.136710,0.000000,1.994162,0.000000,4.447050,0.266132,0.060101,0.000000,0.218955,0.000000,4.676246,0.000000,3.030396,0.000000,0.332975,4.068265,0.000000,0.000000,0.401318,2.875971,5.322035,3.453508,0.000000,1.933876,5.023566,0.000000,3.218938,4.045613,0.000000,2.786117,3.290781,0.000000,0.000000,3.622163,4.288541,3.091111,2.623904,0.000000,2.756975,0.000000,0.000000,0.000000,0.000000,0.000000,0.000000,0.000000,0.000000
0.000000,0.000000,2.997566,0.197161,0.000000,1.709565,0.000000,3.367572,0.939111,0.632052,0.701113,0.149610,0.000000,3.854781,0.171634,2.864186,0.000000,0.822055,3.161167,0.000000,0.000000,0.583128,2.975846,4.158257,2.799080,0.000000,1.551932,4.578113,0.000000,2.398825,3.703470,0.765437,1.911299,3.318757,0.000000,0.000000,2.885574,3.198243,2.531078,2.206559,0.000000,1.571542,0.000000,0.162452,0.722780,0.291767,0.248805,0.000000,0.520162,0.000000
0.000000,0.000000,4.096610,1.360031,0.000000,2.262473,0.000000,4.749279,0.738874,0.061409,0.000000,0.632474,0.000000,5.225631,0.000000,3.653114,0.000000,0.329042,4.929303,0.197016,0.000000,0.393453,3.663178,6.247129,3.520717,0.000000,2.205063,5.650124,0.000000,3.090820,4.765312,0.539496,2.598428,3.553622,0.000000,0.000000,5.078636,4.651671,3.294261,3.158332,0.000000,3.422767,0.000000,0.000000,0.075659,0.000000,0.000000,0.000000,0.088235,0.000000
0.199593,0.000000,2.510638,0.829362,0.161515,1.644942,0.000000,2.820636,0.453431,0.422901,0.645572,0.000000,0.320007,2.881150,0.321521,2.902675,0.000000,0.323239,2.977643,0.038569,0.000000,0.768322,2.042429,3.397912,2.432910,0.233248,1.561295,4.011196,0.000000,2.670035,2.961939,0.738145,2.070225,2.402168,0.000000,0.240470,2.628678,2.899576,2.199287,1.511935,0.000000,1.989582,0.000000,0.439607,0.443653,0.169577,0.000000,0.000000,0.268835,0.000000
0.000000,0.000000,3.740926,0.752573,0.000000,2.215624,0.000000,4.865362,0.160746,0.330128,0.201195,0.000000,0.000000,4.162168,0.331610,3.424109,0.000000,0.644710,3.985584,0.000000,0.000000,0.227295,2.944604,5.600764,3.556334,0.000000,1.984885,4.998593,0.000000,2.704392,3.051121,0.433036,2.824966,2.973614,0.000000,0.000000,3.801903,4.312101,2.931297,2.387620,0.000000,2.823497,0.000000,0.163996,0.070817,0.064912,0.000000,0.000000,0.000000,0.000000
0.237229,0.000000,2.631621,1.784837,0.000000,1.271230,0.000000,4.611515,0.588468,0.765318,0.000000,0.090190,0.000000,3.234223,0.000000,2.355338,0.000000,0.597173,3.784763,0.277382,0.000000,0.632815,2.727558,4.718581,3.079059,0.000000,2.260675,4.243215,0.000000,2.729305,2.868245,0.397472,2.814420,2.618312,0.000000,0.000000,3.192994,3.087917,2.604103,2.711011,0.000000,2.236701,0.000000,0.575596,0.249047,0.000000,0.000000,0.000000,0.388811,0.000000
0.743803,0.000000,3.011827,0.635133,1.226023,2.087678,0.000000,4.386287,0.771874,0.824136,1.036494,0.000000,0.000000,3.591317,0.811522,2.941210,0.000000,0.759155,3.376653,0.063368,0.000000,0.890055,2.199602,4.753228,2.916360,0.557795,1.776174,3.746518,0.000000,1.415311,2.311090,1.294209,1.781703,3.015456,0.000000,0.000000,3.613839,3.678143,2.166243,1.777869,0.000000,2.556957,0.000000,0.918291,0.521794,0.442449,0.142901,0.334914,0.464909,0.000000
1.237424,0.000000,2.320164,1.415822,0.798023,1.779310,0.000000,3.359998,1.215910,0.625524,0.122386,0.324917,0.107441,3.353488,0.829426,2.769361,0.000000,1.293484,3.593724,0.947013,0.000000,0.828572,2.800736,3.504770,2.542269,0.637624,2.003004,4.154781,0.000000,1.736445,3.461371,0.877558,2.099416,2.443168,0.000000,0.000000,3.686314,2.673218,2.314833,2.419111,0.000000,2.770401,0.000000,1.198815,0.740333,0.502040,0.000000,0.000000,0.681943,0.000000
0.203109,0.000000,1.996696,2.082805,0.142117,1.044032,0.000000,2.989470,0.502488,0.000000,0.308079,0.000000,0.248738,1.930246,0.216688,3.055845,0.000000,0.354265,3.320473,0.166181,0.000000,0.995209,2.511710,3.565659,2.225471,0.193122,1.633390,3.447387,0.000000,2.101925,2.262354,0.295541,2.297811,2.206803,0.000000,0.000000,2.616083,2.404719,1.798323,1.598003,0.000000,2.284915,0.000000,0.553897,0.052485,0.000000,0.000000,0.000000,0.124835,0.000000
0.000000,0.000000,3.898357,0.777281,0.000000,2.231842,0.000000,4.517159,0.679872,0.404302,0.658234,0.004654,0.000000,5.104030,0.347333,2.888724,0.000000,0.956084,3.825077,0.285662,0.000000,0.727283,3.158415,5.102379,3.571102,0.000000,2.267984,5.554109,0.000000,3.276483,3.951567,0.394336,3.046549,3.737979,0.000000,0.000000,3.819939,4.220120,3.032836,2.910995,0.000000,2.645042,0.000000,0.578995,0.334244,0.183652,0.000000,0.000000,0.520358,0.000000
0.000000,0.000000,3.845054,0.697775,0.000000,2.310559,0.000000,4.289385,0.805586,0.000000,0.331385,0.000000,0.000000,4.586329,0.360534,4.520064,0.000000,0.598797,4.410287,0.000000,0.000000,0.507841,3.734814,5.275080,3.639845,0.000000,2.294317,5.555172,0.000000,3.343168,4.475055,0.399471,2.763677,3.264030,0.000000,0.000000,4.605598,4.249881,3.127112,2.646490,0.000000,2.070970,0.000000,0.000000,0.060108,0.000000,0.000000,0.000000,0.712495,0.000000
0.375867,0.000000,2.887231,0.252726,0.235998,1.754614,0.000000,3.072840,1.437201,0.466952,0.917770,0.230174,0.125861,3.723281,0.748241,3.471202,0.000000,0.892493,3.361247,0.048373,0.000000,0.737946,3.000043,4.110867,2.726012,0.319360,1.723241,4.254381,0.000000,2.393487,3.539527,1.007692,1.981167,2.393498,0.000000,0.087608,3.796824,3.295716,2.378587,2.149511,0.000000,1.545610,0.000000,0.270859,0.394335,0.154168,0.000000,0.082267,0.870805,0.000000
0.000000,0.000000,2.110355,1.695114,0.284074,1.164410,0.000000,2.669880,0.000453,0.246103,0.249127,0.000000,0.184972,1.862932,0.266043,2.715058,0.000000,0.000000,2.219144,0.119278,0.000000,0.522104,1.245685,2.090029,2.124730,0.167547,1.471399,2.649581,0.000000,2.191059,2.551991,0.727751,2.592356,1.827334,0.000000,0.000000,1.969666,2.063385,1.417306,2.547097,0.000000,2.443066,0.000000,0.086353,0.000000,0.059716,0.000000,0.000000,0.136391,0.000000
0.000000,0.000000,3.033324,1.707500,0.000000,1.979253,0.000000,3.547018,0.190438,0.000000,0.000000,0.300899,0.000000,3.842354,0.000000,3.437852,0.000000,0.090179,4.181460,0.000000,0.000000,0.447845,2.957181,4.219027,3.203327,0.000000,1.880899,4.921841,0.000000,3.074988,3.769542,0.260635,2.776721,2.709250,0.000000,0.000000,3.590008,3.682263,2.945597,2.072690,0.000000,2.790843,0.000000,0.000000,0.000000,0.000000,0.000000,0.000000,0.000000,0.000000
0.000000,0.000000,4.243971,1.273205,0.000000,2.534261,0.000000,4.988817,0.236029,0.030951,0.000000,0.273276,0.053410,5.535196,0.000000,3.427024,0.000000,0.258498,4.771446,0.000000,0.000000,0.597626,3.815768,5.873956,3.874595,0.000000,2.093142,6.267499,0.000000,3.626872,4.981494,0.000000,2.979868,4.420455,0.000000,0.000000,4.138901,4.547228,3.332634,2.839683,0.000000,2.633314,0.000000,0.025171,0.093973,0.000000,0.000000,0.000000,0.053963,0.000000
0.000000,0.000000,2.826575,2.025332,0.000000,1.649676,0.000000,4.612523,0.130147,0.325847,0.000000,0.126010,0.000000,3.052659,0.000000,3.298527,0.000000,0.043935,4.368511,0.058100,0.000000,0.405029,2.923476,4.127116,3.522701,0.000000,2.344546,4.890577,0.000000,3.027070,3.811194,0.337355,3.207009,2.983219,0.000000,0.000000,2.950481,2.928768,2.153584,2.762600,0.000000,2.105693,0.000000,0.968598,0.494320,0.000000,0.000000,0.000000,0.304994,0.000000
0.000000,0.000000,2.599801,0.958487,0.000000,1.425525,0.000000,3.094498,0.636994,0.516677,0.226112,0.115098,0.091813,3.227206,0.370980,2.618486,0.000000,0.705342,3.217141,0.059738,0.000000,0.662646,2.123847,3.386117,2.752086,0.000000,1.347681,3.920248,0.000000,2.624461,3.097140,0.219615,2.277442,2.253281,0.000000,0.000000,2.777210,2.943388,2.320886,2.351387,0.000000,2.107978,0.000000,0.000000,0.282419,0.332022,0.000000,0.000000,0.414104,0.000000
0.000000,0.000000,4.052457,1.593423,0.000000,2.364862,0.000000,4.743663,0.326237,0.023567,0.219267,0.000000,0.000000,4.877583,0.000000,3.104070,0.000000,0.000000,4.001620,0.000000,0.000000,0.516747,2.583421,4.477738,3.448938,0.000000,2.625051,5.155986,0.000000,3.210992,3.562335,0.000000,2.864995,3.505917,0.000000,0.000000,3.474662,4.348288,2.912782,2.377476,0.000000,3.297757,0.000000,0.165306,0.000000,0.000000,0.000000,0.000000,0.000000,0.000000
0.000000,0.010482,3.873619,1.453734,0.000000,2.220794,0.000000,3.866396,0.000000,0.000000,0.258347,0.000000,0.254393,4.426893,0.683646,4.187193,0.000000,0.559058,4.330029,0.000000,0.000000,0.673258,3.344318,5.220669,3.441427,0.000000,1.868718,5.652613,0.000000,2.987374,4.080825,0.303221,3.001627,3.032277,0.000000,0.000000,4.070635,4.742384,3.209363,2.176737,0.000000,3.314804,0.000000,0.000000,0.000000,0.111068,0.249813,0.000000,0.271021,0.000000
0.000000,0.000000,4.128569,1.771972,0.000000,2.371200,0.000000,5.495385,0.000000,0.000000,0.000000,0.000000,0.000000,4.996902,0.000000,3.904722,0.000000,0.000000,4.882969,0.000000,0.000000,0.254087,3.392708,6.415714,4.052174,0.000000,2.056889,5.812447,0.000000,3.424842,4.200502,0.000000,3.232381,3.893824,0.000000,0.000000,4.360852,4.827765,3.530784,2.720580,0.000000,3.142759,0.000000,0.000000,0.000000,0.000000,0.000000,0.000000,0.000000,0.000000
0.779376,0.000000,1.907204,1.383953,0.000000,0.334764,0.000000,3.233641,0.851082,0.383925,0.269428,0.000000,0.195087,1.290254,0.193452,2.510708,0.000000,0.284406,2.694514,0.201643,0.000000,0.358812,2.306131,3.240776,2.231118,0.398758,1.847965,3.810287,0.000000,1.935093,2.710236,0.671371,2.256944,2.163084,0.000000,0.072107,1.954308,1.877833,1.410191,1.857207,0.000000,1.608017,0.000000,1.032729,0.687152,0.000000,0.207118,0.136200,0.597636,0.000000
0.000000,0.000000,4.884788,1.573056,0.000000,2.415112,0.000000,6.335811,0.076893,0.000000,0.022638,0.000000,0.000000,5.108882,0.115099,4.448306,0.000000,0.232767,5.055010,0.000000,0.000000,0.171722,3.513032,6.708026,4.398804,0.000000,2.806395,6.680537,0.000000,3.508466,4.716599,0.380392,3.640867,4.288989,0.000000,0.000000,4.598721,5.084632,3.347308,3.285916,0.000000,2.614531,0.000000,0.484804,0.250021,0.000000,0.000000,0.000000,0.149758,0.000000
0.000000,0.000000,2.188911,1.416485,0.000000,1.555738,0.000000,2.587342,0.032524,0.270460,0.000000,0.000000,0.000000,2.680121,0.159523,3.477684,0.000000,0.000000,3.292675,0.002619,0.000000,0.000000,3.006902,4.167885,2.700176,0.000000,1.543274,4.154169,0.000000,2.538827,3.447000,0.782182,2.479557,2.470340,0.000000,0.000000,3.391517,2.653363,2.086013,1.947014,0.000000,2.387894,0.000000,0.085533,0.000000,0.000000,0.024271,0.000000,0.000000,0.000000
0.058669,0.000000,2.411602,1.743176,0.231013,1.814134,0.000000,3.157273,0.131106,0.380365,0.482660,0.000000,0.031832,2.677694,0.081603,3.329911,0.000000,0.000000,3.011489,0.000000,0.000000,0.846696,2.239160,2.643525,2.847559,0.000000,2.003643,4.220168,0.000000,2.474487,3.004229,0.811126,2.461892,2.695580,0.000000,0.000000,2.688367,2.611240,1.677014,2.031326,0.000000,2.302428,0.000000,0.530514,0.054770,0.000000,0.317409,0.179150,0.243893,0.000000
0.000000,0.000000,3.370703,2.575631,0.000000,2.243983,0.000000,4.839133,0.000000,0.234605,0.000000,0.000000,0.000000,4.728958,0.000000,4.821367,0.000000,0.001498,5.311141,0.000000,0.000000,0.684752,4.303858,6.131241,4.072198,0.000000,2.571523,6.272710,0.000000,3.215971,5.118725,0.246089,3.259278,3.712376,0.000000,0.000000,5.070616,4.485130,3.260262,3.057668,0.000000,3.678676,0.000000,0.000000,0.000000,0.000000,0.000000,0.000000,0.000000,0.000000
0.328511,0.000000,2.852042,0.756303,0.030691,1.512962,0.000000,3.425760,0.548069,0.300465,0.546440,0.000000,0.000000,2.870723,0.000000,1.831180,0.000000,0.000000,2.530535,0.000000,0.000000,0.592745,1.357072,2.823439,2.616477,0.000000,1.847002,3.081442,0.000000,1.946817,2.195807,0.545859,1.844360,2.590812,0.000000,0.000000,2.142735,2.796805,1.702195,1.872725,0.000000,2.065430,0.000000,0.400718,0.131384,0.015561,0.061436,0.000000,0.000000,0.000000
0.000000,0.000000,3.499896,0.750952,0.000000,2.098503,0.000000,3.763710,0.272238,0.346308,0.225132,0.000000,0.025902,4.760789,0.111160,3.185863,0.000000,0.534378,3.616998,0.000000,0.000000,0.518872,2.707601,4.440531,2.881023,0.000000,1.516786,5.101590,0.000000,2.675680,3.727254,0.246356,2.242331,3.091515,0.000000,0.000000,3.832715,3.983953,2.783200,2.045933,0.000000,2.839831,0.000000,0.000000,0.187743,0.000000,0.000000,0.000000,0.248776,0.000000
0.706108,0.000000,2.498114,1.020687,0.124850,0.959169,0.000000,4.191223,0.919656,0.934483,0.178448,0.067935,0.000000,2.886617,0.122108,1.579724,0.000000,0.752326,3.133073,0.355559,0.000000,0.808173,2.529315,3.589794,2.618815,0.419255,2.249512,3.748525,0.000000,2.046719,2.253880,0.288216,1.990878,2.472236,0.000000,0.000000,2.554538,2.633728,1.885217,1.977624,0.000000,1.559077,0.000000,1.153598,0.415301,0.154415,0.000000,0.593020,1.081965,0.000000
0.090566,0.000000,3.355184,0.705371,0.317084,1.139461,0.000000,3.490639,0.782961,0.256872,0.475142,0.000000,0.000000,2.637436,0.000000,1.476742,0.000000,0.680350,2.581810,0.362033,0.000000,0.520667,1.466976,3.706621,2.692848,0.406940,2.019826,3.610423,0.000000,2.282157,1.778822,0.731571,2.511640,2.528657,0.000000,0.644282,1.517124,3.201449,1.685472,1.580188,0.000000,2.009104,0.000000,0.928534,0.576997,0.637959,0.106306,0.100892,0.586003,0.000000
0.000000,0.000000,3.667249,1.565929,0.000000,1.667734,0.000000,5.412694,0.080913,0.155670,0.011461,0.000000,0.039648,4.170280,0.364183,3.836242,0.000000,0.672440,5.032758,0.158053,0.000000,0.612578,3.722037,5.750144,4.003041,0.000000,2.533199,6.090453,0.000000,3.861217,4.584996,0.062847,3.557344,3.339396,0.000000,0.000000,3.909567,4.124222,3.090965,3.443625,0.000000,2.659133,0.000000,0.444664,0.343917,0.000000,0.000000,0.000000,0.379151,0.000000
0.000000,0.000000,3.982161,0.945500,0.000000,2.319301,0.000000,5.125718,0.000000,0.371094,0.000000,0.000000,0.000000,4.825506,0.114205,3.717845,0.000000,0.379492,4.328622,0.000000,0.000000,0.258892,3.123980,5.934094,3.731007,0.000000,2.072134,5.398226,0.000000,2.989574,3.767781,0.228416,2.876505,3.143266,0.000000,0.000000,4.358603,4.604422,3.183302,2.700738,0.000000,2.893439,0.000000,0.000000,0.006882,0.000000,0.000000,0.000000,0.000000,0.000000
0.000000,0.000000,3.133509,1.903408,0.000000,1.755871,0.000000,4.520176,0.171382,0.000000,0.000000,0.000000,0.000000,3.316373,0.000000,3.732658,0.000000,0.000000,4.657729,0.036899,0.000000,0.488014,3.282648,4.444271,3.701868,0.000000,2.228329,5.108168,0.000000,3.123117,3.531945,0.000000,3.393378,3.042390,0.000000,0.000000,3.454693,3.456040,2.519190,2.278177,0.000000,2.305588,0.000000,0.407176,0.000000,0.000000,0.000000,0.000000,0.047463,0.000000
0.000000,0.000000,4.495133,1.279136,0.000000,2.444533,0.000000,4.768354,0.000000,0.000000,0.000000,0.000000,0.242886,4.930934,0.000000,4.319758,0.000000,0.159705,4.556292,0.000000,0.000000,0.517096,3.489151,5.096748,4.189600,0.000000,1.939596,6.308679,0.000000,4.434758,4.418539,0.000000,3.846894,3.480220,0.000000,0.000000,3.786122,4.987036,3.242480,2.528253,0.000000,3.021249,0.000000,0.000000,0.000000,0.000000,0.000000,0.000000,0.000000,0.000000
0.000000,0.000000,5.483601,1.346322,0.000000,2.962524,0.000000,5.959069,0.000000,0.000000,0.000000,0.000000,0.000000,5.864222,0.000000,4.841974,0.000000,0.000000,5.480117,0.000000,0.000000,0.380159,4.106537,6.834808,5.006931,0.000000,2.337855,7.107257,0.000000,4.741508,5.282344,0.000000,4.027000,4.724757,0.000000,0.000000,4.696783,5.697446,4.130092,3.152748,0.000000,3.039245,0.000000,0.000000,0.000000,0.000000,0.000000,0.000000,0.000000,0.000000
0.000000,0.000000,6.457721,1.193425,0.000000,2.966123,0.000000,6.707250,0.000000,0.000000,0.000000,0.000000,0.000000,6.903376,0.000000,5.293789,0.000000,0.493481,5.901606,0.000000,0.000000,0.708966,4.610756,7.536976,5.680756,0.000000,2.815311,8.507663,0.000000,5.491543,5.985745,0.000000,4.985181,5.434250,0.000000,0.000000,4.915177,6.675881,4.521529,3.535888,0.000000,3.443413,0.000000,0.000000,0.000000,0.000000,0.000000,0.000000,0.000000,0.000000
0.401892,0.000000,2.631135,1.012421,0.000000,1.600373,0.000000,3.103445,0.603044,0.212662,0.245643,0.035803,0.144931,3.681828,0.000000,2.111370,0.000000,0.122195,3.076764,0.000000,0.000000,0.856556,2.107518,3.727048,2.615267,0.061215,1.581401,3.807906,0.000000,2.274149,3.372698,0.362133,1.790179,2.625908,0.000000,0.000000,2.725677,2.695383,2.616829,2.088097,0.000000,2.235734,0.000000,0.263981,0.527135,0.000000,0.230438,0.000000,0.000000,0.000000
0.348378,0.000000,2.900062,0.941918,0.000000,1.953436,0.000000,3.198090,0.337716,0.650354,0.607277,0.000000,0.000000,4.076228,0.435138,2.730443,0.000000,1.640861,2.991632,0.511864,0.000000,0.634783,2.473040,3.469721,2.512614,0.000000,1.585787,4.394995,0.000000,2.677164,3.195180,0.971300,2.476974,2.689697,0.000000,0.486778,2.550497,3.323609,2.473051,1.885184,0.000000,2.865561,0.000000,0.681248,0.802673,0.601044,0.413017,0.036915,0.591809,0.000000
0.000000,0.000000,4.179389,1.130497,0.000000,2.205986,0.000000,4.563834,0.066848,0.000000,0.433530,0.084166,0.000000,4.633078,0.136569,3.522127,0.000000,0.152698,4.041097,0.000000,0.000000,0.506027,3.115109,5.483538,3.660207,0.000000,1.898303,5.122378,0.000000,3.310268,3.888119,0.026603,2.887305,3.352320,0.000000,0.000000,3.936679,4.607247,3.006118,2.703932,0.000000,3.090964,0.000000,0.000000,0.000000,0.000000,0.000000,0.000000,0.000000,0.000000
0.000000,0.000000,3.730017,1.091043,0.000000,2.338496,0.000000,4.925112,0.000000,0.182572,0.072452,0.105843,0.000000,4.932791,0.000000,3.021618,0.000000,0.000000,4.263105,0.000000,0.000000,0.937937,3.355238,5.095531,3.781950,0.000000,1.838942,5.686463,0.000000,3.227597,4.134895,0.000000,2.757330,3.952641,0.000000,0.000000,4.198272,4.170926,3.188581,2.531957,0.000000,2.632720,0.000000,0.000000,0.000000,0.000000,0.000000,0.000000,0.000000,0.000000
0.000000,0.000000,3.415586,1.189498,0.000000,2.400175,0.000000,4.229299,0.000000,0.323074,0.000000,0.109313,0.000000,4.821307,0.000000,3.171558,0.000000,0.288757,4.026668,0.000000,0.000000,0.456888,2.786165,4.770911,3.348131,0.000000,1.862447,5.247911,0.000000,3.125441,3.681126,0.489791,2.770911,3.253536,0.000000,0.000000,3.860746,4.352213,2.870258,2.010364,0.000000,2.879734,0.000000,0.000000,0.000000,0.000000,0.000000,0.000000,0.000000,0.000000
0.000000,0.000000,3.357507,1.124447,0.000000,1.989640,0.000000,4.445531,0.255608,0.521791,0.090057,0.000000,0.000000,4.206521,0.458913,3.294706,0.000000,0.629521,3.981389,0.000000,0.000000,0.534417,3.089794,5.116086,3.904897,0.000000,1.760896,4.960972,0.000000,3.011108,3.590266,0.095458,2.879438,3.257333,0.000000,0.000000,3.788170,3.868338,2.853631,3.034573,0.000000,2.861180,0.000000,0.000000,0.000000,0.140564,0.000000,0.000000,0.010106,0.000000
0.000000,0.000000,2.775574,1.435286,0.670169,1.633867,0.000000,3.778181,0.854833,0.384308,0.672630,0.125404,0.000000,2.432734,0.301476,2.862438,0.000000,0.711207,2.944737,0.494606,0.000000,0.361430,1.993943,3.479913,2.867943,0.679979,1.654017,2.256145,0.000000,2.635187,2.039811,0.665040,2.194353,2.437735,0.000000,0.442939,2.196580,3.335378,1.953892,1.509460,0.000000,1.940067,0.000000,0.701839,0.000000,0.566540,0.000000,0.118330,0.545764,0.000000
0.000000,0.000000,3.870406,1.732610,0.000000,2.883781,0.000000,5.744526,0.000000,0.339025,0.000000,0.289428,0.000000,5.517813,0.000000,3.973221,0.000000,0.221284,5.329820,0.000000,0.000000,0.773340,3.576522,6.738811,4.328939,0.000000,2.426559,6.294703,0.000000,3.498016,4.892266,0.261995,3.363029,4.233628,0.000000,0.000000,5.070301,5.088765,3.659746,3.147177,0.000000,3.214935,0.000000,0.000000,0.000000,0.000000,0.000000,0.000000,0.000000,0.000000
0.000000,0.000000,3.289385,1.687289,0.000000,2.217108,0.000000,4.734801,0.398892,0.582448,0.017620,0.039823,0.000000,4.784169,0.000000,2.887028,0.000000,0.105934,4.088295,0.000000,0.000000,0.341114,3.157729,4.826112,3.164540,0.000000,2.405876,4.857157,0.000000,2.388471,3.765880,0.339260,2.529724,3.507078,0.000000,0.000000,3.803591,3.663887,2.811965,2.551433,0.000000,2.917617,0.000000,0.381250,0.112328,0.000000,0.000000,0.000000,0.159877,0.000000
0.149464,0.000000,2.272082,2.772407,0.000000,1.946052,0.000000,3.809762,0.515002,0.145716,0.000000,0.000000,0.059576,3.119075,0.000000,4.040075,0.000000,0.553232,4.055501,0.000000,0.000000,0.330710,3.188676,3.994088,2.968791,0.260570,2.301156,5.019984,0.000000,3.051687,4.001329,0.327584,3.135405,3.148083,0.000000,0.000000,3.304333,2.707111,2.582761,2.076640,0.000000,2.459654,0.000000,0.720318,0.139188,0.000000,0.000000,0.000000,0.773629,0.000000
0.000000,0.000000,3.200939,0.580663,0.000000,2.017119,0.000000,3.400056,0.431501,0.109163,0.338494,0.044529,0.000000,3.912156,0.161825,3.707364,0.000000,0.361310,3.745533,0.000000,0.000000,0.234065,3.251745,4.978597,3.097055,0.000000,1.603182,4.960509,0.000000,2.686509,4.189737,0.633884,2.183667,3.429578,0.000000,0.000000,3.676692,3.612548,2.722229,2.134614,0.000000,2.002570,0.000000,0.000000,0.409134,0.012456,0.208633,0.000000,0.000000,0.000000
0.701498,0.000000,2.802799,1.698748,0.083559,1.828094,0.000000,3.741904,0.951459,0.264082,0.393068,0.393542,0.402023,3.974189,0.620454,3.508516,0.000000,0.995927,3.544691,0.000000,0.000000,1.026656,3.365479,4.171730,2.873627,0.042686,1.922823,5.177408,0.000000,2.706907,4.274067,0.445819,2.279727,3.620961,0.000000,0.065319,3.765004,3.486421,2.804497,1.988056,0.000000,2.681366,0.000000,0.421134,0.000000,0.482767,0.208817,0.000000,0.717990,0.000000
0.014251,0.000000,2.762868,1.039609,0.000000,1.510556,0.000000,2.765741,0.358587,0.280279,0.366210,0.000000,0.266182,3.596335,0.298487,3.150915,0.000000,0.651731,3.379955,0.030923,0.000000,0.500850,2.696721,3.517797,3.052806,0.000000,1.510288,4.560494,0.011363,2.677810,3.269094,0.507460,2.457485,2.371856,0.000000,0.262718,3.219375,3.566820,2.608479,1.812308,0.000000,2.572344,0.000000,0.000000,0.131657,0.000000,0.000000,0.000000,0.282812,0.000000
0.000000,0.000000,3.762080,1.862605,0.000000,2.486889,0.000000,4.560956,0.007943,0.067382,0.000000,0.000000,0.000000,5.303498,0.000000,4.582966,0.000000,0.026718,5.076525,0.000000,0.000000,0.521932,3.897331,5.331004,3.812665,0.000000,2.325382,6.524817,0.000000,3.617161,5.030833,0.093031,3.097049,3.981312,0.000000,0.000000,4.733122,4.495536,3.306691,2.538886,0.000000,3.049175,0.000000,0.021565,0.000000,0.000000,0.024316,0.000000,0.045203,0.000000
0.000000,0.000000,4.329980,1.222146,0.000000,2.248934,0.000000,5.087583,0.000000,0.294513,0.047644,0.000000,0.102579,5.306151,0.255338,4.424065,0.000000,0.294868,5.281471,0.000000,0.000000,0.700641,4.174311,5.828525,4.703062,0.000000,2.279029,6.968925,0.000000,4.550021,4.965241,0.000000,3.940980,3.999095,0.000000,0.000000,4.411825,4.852794,3.798619,3.307409,0.000000,2.931756,0.000000,0.000000,0.186094,0.000000,0.000000,0.000000,0.216549,0.000000
0.000000,0.000000,4.608560,1.710312,0.000000,2.754370,0.000000,5.482083,0.000700,0.000000,0.000000,0.000000,0.000000,5.448420,0.000000,4.353113,0.000000,0.115989,5.340746,0.000000,0.000000,0.000000,3.985208,5.992148,4.264375,0.000000,2.373348,6.858993,0.000000,4.085885,4.913502,0.000000,3.692701,4.324943,0.000000,0.000000,4.293371,4.622811,3.513082,2.843685,0.000000,2.904882,0.000000,0.158522,0.000000,0.000000,0.000000,0.000000,0.000000,0.000000
0.632453,0.000000,3.351990,0.606915,0.429583,2.163164,0.000000,3.303266,0.982564,0.160294,0.768056,0.000000,0.000000,4.178865,0.330904,3.001913,0.000000,0.327080,3.158427,0.000000,0.000000,0.362904,2.579317,3.487895,2.658975,0.010591,1.643087,4.141541,0.000000,2.488306,2.843957,0.970382,1.950969,3.025280,0.000000,0.000000,3.233686,3.372660,2.436505,1.706342,0.000000,2.654319,0.000000,0.711031,0.334226,0.000000,0.000000,0.162988,0.200565,0.000000
0.000000,0.000000,3.662289,1.229984,0.000000,2.022706,0.000000,4.238505,0.544183,0.277866,0.142070,0.259818,0.219363,4.627091,0.056665,3.703342,0.000000,0.000000,4.704100,0.198514,0.000000,0.675032,3.636995,5.482832,3.427078,0.000000,2.071578,5.595095,0.000000,3.011871,4.782211,0.530297,2.670193,3.417631,0.000000,0.000000,5.040690,4.084116,2.936369,2.912970,0.000000,3.091036,0.000000,0.000000,0.082669,0.000000,0.106067,0.000000,0.000000,0.000000
0.000000,0.099554,1.911279,2.591202,0.330417,1.377381,0.000000,2.415317,0.355677,0.194814,0.141937,0.000000,0.150361,2.405237,0.000000,2.992785,0.000000,0.420633,3.080657,0.073495,0.000000,0.333036,2.531499,3.221812,2.271266,0.223649,1.945225,4.091890,0.000000,2.243048,3.562874,0.312794,2.550448,2.562533,0.000000,0.000000,2.702092,1.790991,1.992799,2.465469,0.000000,2.555104,0.000000,0.572082,0.342124,0.000000,0.000000,0.000000,0.194296,0.000000
0.000000,0.000000,3.359092,1.097150,0.055118,1.999681,0.000000,3.973303,0.343242,0.043709,0.000000,0.095596,0.005195,3.745779,0.184537,3.002293,0.000000,0.380069,3.749496,0.000000,0.000000,0.543171,2.635985,4.575001,3.194628,0.034319,1.754483,4.593473,0.000000,2.645298,3.060014,0.407480,2.503962,3.272036,0.000000,0.000000,3.250112,3.801861,2.536414,1.844071,0.000000,2.623590,0.000000,0.555109,0.000000,0.399490,0.000000,0.000000,0.000000,0.000000
0.000000,0.000000,3.403259,0.711075,0.000000,1.905663,0.000000,3.836548,0.000000,0.119138,0.466698,0.000000,0.258534,3.692581,0.403018,3.691126,0.000000,0.599520,4.002604,0.000000,0.000000,0.909283,2.886630,3.963527,3.784721,0.000000,1.889825,5.364802,0.000000,3.684834,3.680348,0.000000,3.145265,2.938352,0.000000,0.000000,3.368297,3.976133,2.544944,2.535973,0.000000,2.163311,0.000000,0.000000,0.151275,0.000000,0.000000,0.000000,0.215773,0.000000
0.669681,0.000000,1.778479,1.718046,0.080560,1.521912,0.000000,2.532741,0.622560,0.809408,0.542918,0.099448,0.000000,2.173202,0.485090,3.321207,0.000000,0.812118,2.788969,0.731914,0.000000,0.047746,2.483243,2.954009,2.695675,0.208121,1.496602,3.902207,0.000000,1.937851,2.579125,1.626877,2.270859,2.287105,0.000000,0.301580,2.616848,2.061016,1.922827,1.927357,0.000000,3.120657,0.000000,0.735117,0.823000,0.034595,0.000000,0.604293,0.405536,0.000000
0.058403,0.000000,2.740569,2.112815,0.000000,1.126842,0.000000,4.424989,0.430509,0.714263,0.000000,0.000000,0.005812,3.075669,0.000000,2.893455,0.000000,0.340172,4.138464,0.000000,0.000000,0.393088,3.203681,4.480339,3.198746,0.000000,2.503523,5.108585,0.000000,2.944748,4.068103,0.200359,3.236253,3.105045,0.000000,0.000000,3.100960,2.781224,2.253770,2.810023,0.000000,2.290519,0.000000,1.013039,0.708136,0.000000,0.000000,0.000000,0.321209,0.000000
0.000000,0.000000,3.648579,0.875343,0.000000,1.991006,0.000000,4.123902,0.000000,0.206083,0.116474,0.000000,0.000000,4.463455,0.190198,3.136472,0.000000,0.004934,3.919525,0.000000,0.000000,0.289937,2.795862,5.230334,3.373288,0.000000,1.657650,4.912533,0.000000,2.765967,3.306959,0.340335,2.189375,3.357136,0.000000,0.000000,4.089235,4.398590,2.606888,1.957206,0.000000,2.658756,0.000000,0.227239,0.000000,0.000000,0.000000,0.000000,0.000000,0.000000
0.000000,0.000000,3.681560,1.592005,0.000000,2.313612,0.000000,4.412265,0.000000,0.024130,0.000000,0.177257,0.000000,4.632879,0.000000,4.057546,0.000000,0.000000,4.839735,0.000000,0.000000,0.303373,3.465608,5.507793,3.873981,0.000000,1.847767,5.750276,0.000000,3.317423,4.163898,0.227816,2.816212,3.783587,0.000000,0.000000,4.697916,4.510336,2.958537,2.176027,0.000000,3.083791,0.000000,0.027929,0.000000,0.000000,0.000000,0.000000,0.000000,0.000000
0.000000,0.000000,3.828912,1.880559,0.000000,2.801380,0.000000,4.873413,0.000000,0.017817,0.000000,0.241840,0.000000,5.432210,0.000000,4.966720,0.000000,0.000000,5.755375,0.000000,0.000000,0.218375,4.441557,6.636405,4.468989,0.000000,1.940279,6.767951,0.000000,3.968443,5.604589,0.000000,3.568079,3.994692,0.000000,0.000000,5.302086,4.835325,3.943561,2.944317,0.000000,3.148006,0.000000,0.000000,0.000000,0.000000,0.000000,0.000000,0.000000,0.000000
0.371003,0.000000,2.942417,0.663676,0.848089,2.048017,0.000000,3.817680,0.710235,0.668965,0.903791,0.134905,0.000000,3.667958,0.787862,2.448529,0.000000,0.883892,3.049054,0.017162,0.000000,1.162462,2.117462,3.622806,2.863798,0.171612,1.574286,3.867909,0.000000,2.155932,2.782044,1.295222,1.915525,2.919899,0.000000,0.000000,2.875789,3.143072,2.354568,1.995534,0.000000,1.956824,0.000000,0.967377,0.666837,0.665026,0.000000,0.254388,0.323738,0.000000
0.132190,0.000000,2.071715,0.860047,0.000000,1.481481,0.000000,3.199564,0.739295,0.750988,0.377026,0.219568,0.000000,3.509756,0.073613,2.262984,0.000000,0.383892,2.812891,0.202411,0.000000,0.714521,2.262489,3.826375,2.287174,0.009275,1.574012,3.656985,0.000000,2.106939,3.268929,0.660728,1.648748,2.660998,0.000000,0.000000,2.978193,2.890490,2.270101,2.061947,0.000000,1.937695,0.000000,0.226937,0.298441,0.136370,0.079872,0.034707,0.207744,0.000000
0.092799,0.000000,3.796725,0.601683,0.000000,1.713775,0.000000,3.831363,0.802246,0.595048,0.422393,0.165919,0.000000,4.342537,0.000000,1.862265,0.000000,0.709363,3.175499,0.349363,0.000000,0.752112,2.268886,3.711388,2.911365,0.000000,2.052531,4.509855,0.000000,2.970843,2.825154,0.690501,2.465492,3.017883,0.000000,0.331357,2.639315,3.951858,2.330438,1.809981,0.000000,2.596394,0.000000,0.597618,0.493471,0.340238,0.000000,0.000000,0.615248,0.000000
0.117270,0.000000,2.628240,1.223183,0.000000,2.032470,0.000000,3.488513,0.490218,0.510794,0.000000,0.146711,0.006858,4.049627,0.424445,3.340936,0.000000,0.394612,3.904860,0.000000,0.000000,0.622059,2.669375,3.809658,2.673770,0.000000,1.768008,4.754117,0.000000,2.633627,3.604073,0.806605,2.437969,2.463870,0.000000,0.000000,3.920337,3.454618,2.620336,1.886539,0.000000,2.943040,0.000000,0.164010,0.240637,0.000000,0.004808,0.000000,0.389267,0.000000
0.043975,0.000000,2.786950,0.825741,0.000000,1.545404,0.000000,3.439593,0.472501,0.357094,0.176830,0.000000,0.000000,3.641752,0.114257,2.520794,0.000000,0.291696,2.956897,0.000000,0.000000,0.441752,2.416486,4.269304,2.436703,0.000000,1.558406,3.490520,0.000000,2.322260,2.927392,0.367604,1.950930,2.473760,0.000000,0.000000,2.735193,3.212756,2.248658,2.164423,0.000000,2.344505,0.000000,0.074179,0.134298,0.126649,0.000000,0.000000,0.046605,0.000000
0.000000,0.243320,2.886959,1.001538,0.390719,1.173377,0.000000,3.500122,0.521067,0.255510,0.611511,0.003246,0.018793,2.536408,0.337184,2.112096,0.000000,0.254223,2.617986,0.217040,0.000000,0.119751,2.271198,4.620216,2.343539,0.265684,1.271854,2.451424,0.000000,1.554306,1.642540,0.474303,1.821110,2.147236,0.000000,0.121924,2.351768,3.283926,1.821996,1.555604,0.000000,2.478324,0.000000,0.175967,0.000000,0.048662,0.223364,0.000000,0.079989,0.000000
0.000000,0.000000,3.219725,0.922230,0.000000,1.700691,0.000000,4.004627,0.000000,0.470383,0.458994,0.000000,0.216709,3.250282,0.644070,3.784596,0.000000,0.000000,3.801251,0.000000,0.000000,0.497891,2.675671,3.893190,3.854301,0.000000,1.641835,4.673909,0.000000,3.103398,2.837890,0.689408,2.856605,2.639598,0.000000,0.000000,3.646280,3.685638,2.098061,2.025663,0.000000,2.105431,0.000000,0.047571,0.000000,0.000000,0.000000,0.000000,0.173298,0.000000
0.000000,0.000000,4.671631,1.179338,0.000000,2.466191,0.000000,5.433084,0.000000,0.000000,0.000000,0.000000,0.000000,5.624412,0.000000,3.693372,0.000000,0.131547,4.834411,0.000000,0.000000,0.536875,3.502192,6.218675,4.250814,0.000000,2.200807,6.210800,0.000000,4.007329,4.695677,0.000000,3.480497,4.176328,0.000000,0.000000,4.302653,5.188479,3.685058,2.888213,0.000000,3.001683,0.000000,0.000000,0.000000,0.000000,0.000000,0.000000,0.000000,0.000000
0.254381,0.000000,3.307217,0.364228,0.000000,1.497196,0.000000,3.754638,0.841136,0.575847,0.132778,0.198006,0.224559,3.730438,0.516362,1.907846,0.000000,1.201092,2.937411,0.343648,0.000000,0.609496,1.910805,4.454091,2.631311,0.301035,1.433607,4.209361,0.000000,2.746951,3.247810,0.819619,2.591092,2.536301,0.000000,0.549584,2.364046,3.177300,2.823740,2.473425,0.000000,1.821883,0.000000,0.350689,0.817282,0.790030,0.053516,0.023106,0.951078,0.000000
0.000000,0.000000,3.541391,1.219681,0.000000,2.334168,0.000000,4.259198,0.000000,0.360001,0.000000,0.025190,0.000000,4.956711,0.000000,3.467599,0.000000,0.141047,4.363869,0.000000,0.000000,0.572860,3.205342,5.028304,3.397801,0.000000,1.981781,5.874381,0.000000,3.608321,4.454096,0.000000,3.026549,3.680947,0.000000,0.000000,4.047000,4.330576,3.021487,2.390837,0.000000,2.600149,0.000000,0.000000,0.099050,0.000000,0.000000,0.000000,0.000000,0.000000
0.000000,0.000000,3.300732,0.983241,0.000000,2.039192,0.000000,3.884586,0.805471,0.018651,0.407107,0.000000,0.257030,4.445189,0.000000,2.732745,0.000000,0.896100,3.042085,0.000000,0.000000,0.673002,2.362352,4.406981,2.928110,0.000000,1.876616,4.925181,0.000000,2.940279,3.851600,0.607821,2.289993,3.370606,0.000000,0.402646,3.117299,3.742808,2.871124,1.851346,0.000000,2.126984,0.000000,0.159069,0.130346,0.649196,0.294908,0.000000,0.682011,0.000000
0.000000,0.000000,3.450443,1.098311,0.000000,1.994627,0.000000,4.546983,0.129298,0.058126,0.000000,0.000000,0.177703,3.657970,0.025341,3.299154,0.000000,0.054834,4.171451,0.000000,0.000000,0.500655,2.783082,5.100873,3.703995,0.000000,1.798568,4.893407,0.000000,3.038718,3.462990,0.126235,2.832272,3.114138,0.000000,0.000000,3.731703,4.083118,2.491786,2.283434,0.000000,2.136819,0.000000,0.085099,0.000000,0.000000,0.000000,0.000000,0.014464,0.000000
0.238266,0.003561,3.074953,1.608573,0.593952,1.531731,0.000000,3.565466,0.579157,0.238161,0.131087,0.077925,0.000000,2.243707,0.000000,2.429280,0.000000,0.663628,3.289951,0.228988,0.000000,0.230978,1.872802,3.543978,2.764433,0.419179,1.939826,3.591810,0.000000,2.316794,2.340565,0.813832,2.734047,2.195118,0.000000,0.024905,1.816615,2.620277,1.941063,2.029736,0.000000,2.349283,0.000000,0.857628,0.509080,0.295384,0.000000,0.000000,0.251992,0.000000
0.000000,0.000000,3.517821,0.714266,0.000000,1.972024,0.000000,3.672241,0.000000,0.009680,0.163968,0.000000,0.000000,3.702357,0.192789,3.067119,0.000000,0.148381,3.331871,0.000000,0.000000,0.046677,2.197289,3.759073,3.236208,0.000000,1.308200,4.437604,0.000000,2.574997,2.514739,0.218896,2.420234,2.446170,0.000000,0.041310,3.247319,3.832968,2.389565,1.611680,0.000000,2.581175,0.000000,0.000000,0.000000,0.000000,0.000000,0.000000,0.000000,0.000000
0.000000,0.000000,4.441667,1.164803,0.000000,2.563377,0.000000,5.086609,0.768146,0.000000,0.002169,0.061758,0.000000,5.632918,0.194612,4.522105,0.000000,0.729600,5.041677,0.000000,0.000000,0.639504,4.062138,5.260798,3.777362,0.000000,2.534645,6.229415,0.000000,3.768182,5.186224,0.037909,3.110451,3.814376,0.000000,0.000000,4.738800,4.621193,3.571578,3.000073,0.000000,2.992926,0.000000,0.342731,0.000000,0.000000,0.000000,0.000000,0.758150,0.000000
0.000000,0.000000,3.694582,0.801493,0.000000,2.374155,0.000000,4.737705,0.230875,0.233927,0.000000,0.000000,0.000000,5.045931,0.000000,3.229234,0.000000,0.715121,3.858250,0.000000,0.000000,0.370267,2.831604,5.243934,3.373564,0.000000,2.012226,5.239168,0.000000,3.240613,3.918120,0.253917,2.760525,3.583122,0.000000,0.000000,3.739523,4.260775,3.121003,2.617978,0.000000,2.732793,0.000000,0.088528,0.288153,0.099579,0.000000,0.000000,0.091724,0.000000
0.155844,0.000000,2.529137,1.321976,0.000000,1.655486,0.000000,3.605960,0.836843,0.637949,0.161268,0.463357,0.000000,3.379484,0.499690,3.098043,0.000000,0.235118,3.752819,0.175237,0.000000,0.434938,2.843012,4.524433,2.320585,0.271877,1.817856,3.797789,0.000000,2.062965,3.249999,0.819736,2.155740,2.339179,0.000000,0.000000,3.688696,3.064513,2.387326,2.102007,0.000000,2.697913,0.000000,0.452807,0.439692,0.000000,0.000000,0.000000,0.253638,0.000000
0.000000,0.000000,2.589479,1.707417,0.167650,1.192248,0.000000,2.809248,0.222064,0.086922,0.236818,0.050267,0.000000,1.808425,0.039142,2.842481,0.000000,0.296065,2.715272,0.170840,0.000000,0.462848,1.801778,2.366377,2.217576,0.074464,1.935253,3.194638,0.000000,2.481483,2.333847,0.647231,3.065725,2.191024,0.000000,0.011635,1.190858,2.373094,1.279826,1.931666,0.000000,1.861750,0.000000,1.033577,0.536175,0.000000,0.210196,0.014862,0.164953,0.000000
0.051070,0.000000,3.039670,1.802401,0.000000,1.883207,0.000000,3.999440,0.799114,0.178323,0.000000,0.000000,0.000000,3.167115,0.000000,3.219107,0.000000,0.597383,3.754002,0.190492,0.000000,0.130951,2.863291,4.194033,3.246925,0.063110,2.311186,4.989872,0.000000,2.992622,3.409249,0.682323,2.934715,3.176637,0.000000,0.176144,3.052125,3.036065,2.484790,2.223378,0.000000,2.658540,0.000000,0.957881,0.068246,0.179233,0.000000,0.000000,0.328775,0.000000
0.000000,0.000000,2.464683,1.749326,0.000000,1.616116,0.000000,2.997296,0.000000,0.165450,0.000000,0.000000,0.000000,2.933409,0.042554,3.789973,0.000000,0.000000,3.641952,0.000000,0.000000,0.000000,3.145224,4.587868,3.047951,0.000000,1.717998,4.540691,0.000000,2.850159,3.786227,0.577268,2.825414,2.772661,0.000000,0.000000,3.526396,2.937632,2.338408,2.250157,0.000000,2.631222,0.000000,0.018973,0.000000,0.000000,0.000000,0.000000,0.000000,0.000000
0.762604,0.000000,2.184430,1.419721,0.018057,1.040989,0.000000,3.849586,0.776823,0.756848,0.035557,0.085759,0.000000,2.574573,0.166098,1.657552,0.000000,0.925819,3.153255,0.635410,0.000000,0.666944,2.404735,3.782193,2.557868,0.372813,1.831373,3.263001,0.000000,2.343119,2.033149,0.472102,1.969217,1.973634,0.000000,0.116368,2.450190,2.461067,2.181161,1.981179,0.000000,1.727506,0.000000,0.693144,0.303853,0.074701,0.000000,0.277999,0.739408,0.000000
0.000000,0.000000,5.041573,1.594903,0.000000,2.980017,0.000000,6.177420,0.000000,0.000000,0.000000,0.000000,0.000000,6.258819,0.000000,4.402037,0.000000,0.000000,5.571963,0.000000,0.000000,0.158763,4.089794,7.630849,4.462585,0.000000,2.289680,6.686083,0.000000,3.913790,5.039107,0.000000,3.592892,4.433518,0.000000,0.000000,4.986841,5.814574,4.084970,3.214931,0.000000,3.578028,0.000000,0.000000,0.000000,0.000000,0.000000,0.000000,0.000000,0.000000
0.000000,0.000000,3.977710,0.646253,0.000000,1.784601,0.000000,4.910225,0.472802,0.293845,0.000000,0.000000,0.000000,4.818296,0.000000,2.676774,0.000000,0.532800,4.185863,0.000000,0.000000,0.706894,3.211095,4.475279,3.673097,0.000000,2.238788,5.656224,0.000000,3.920214,4.109061,0.000000,3.080762,3.603037,0.000000,0.000000,3.034714,3.880245,2.895855,2.719043,0.000000,1.680072,0.000000,0.330605,0.573960,0.000000,0.000000,0.000000,0.773992,0.000000
0.281148,0.000000,2.453022,0.318806,0.310158,1.362243,0.000000,2.431718,0.891566,0.741445,0.832302,0.233601,0.189537,3.630161,0.453746,2.052650,0.000000,1.434006,2.505661,0.264465,0.000000,1.235249,2.295818,3.266301,2.212110,0.312532,1.201026,3.941327,0.000000,2.296461,3.252395,0.591484,1.491261,2.525215,0.000000,0.000000,2.359926,2.536179,2.219994,1.885236,0.000000,1.409108,0.000000,0.704055,1.128337,0.388715,0.513003,0.674098,0.618122,0.000000
0.000000,0.000000,2.537333,2.825939,0.000000,2.089041,0.000000,3.983385,0.292533,0.190560,0.000000,0.082426,0.000000,3.343428,0.000000,4.011432,0.000000,0.530466,4.309159,0.000000,0.000000,0.297938,3.115913,4.275117,3.187183,0.298797,2.324580,5.075919,0.000000,3.120022,4.107973,0.330350,3.306750,3.236401,0.000000,0.000000,3.480876,2.947854,2.543952,2.325600,0.000000,2.405930,0.000000,0.880353,0.165691,0.000000,0.000000,0.000000,0.795992,0.000000
0.000000,0.000000,4.073908,1.592682,0.000000,2.237343,0.000000,5.044725,0.222918,0.000000,0.000000,0.000000,0.000000,5.182531,0.000000,4.352166,0.000000,0.265426,5.040007,0.000000,0.000000,0.574951,4.081939,5.307186,3.836225,0.000000,2.372564,6.185372,0.000000,3.730776,5.157660,0.000000,3.178419,4.008020,0.000000,0.000000,4.644498,4.370022,3.335744,2.992986,0.000000,2.930704,0.000000,0.096911,0.000000,0.000000,0.000000,0.000000,0.228109,0.000000
