0.000000,0.000000,0.000000,0.000000,11.824084,0.000000,0.000000,0.000000,0.000000,0.000000,1.166797,4.925702,0.000000,0.000000,0.000000,0.000000,0.000000,4.413368,0.000000,0.000000,0.000000,0.000000,24.294355,0.000000,0.000000,0.000000,0.000000,10.916042,16.363327,0.000000,0.000000,0.000000,0.000000,0.000000,10.554029,0.000000,0.000000,0.000000,6.594219,0.000000,23.362370,0.000000,0.000000,0.000000,0.000000,0.000000,0.000000,11.603485,0.000000,3.654708
0.000000,0.000000,0.000000,0.000000,11.709414,0.000000,0.000000,1.104040,0.000000,0.000000,0.000000,6.542443,0.000000,0.000000,0.000000,0.000000,0.000000,7.535070,0.000000,0.000000,0.000000,0.000000,31.318478,0.000000,0.000000,0.000000,0.000000,14.464804,18.734833,0.000000,0.000000,0.000000,0.000000,0.000000,14.168392,0.000000,0.000000,0.000000,10.645966,0.000000,28.067730,0.000000,0.000000,0.000000,0.000000,0.000000,0.000000,15.493386,0.000000,4.586854
0.000000,0.000000,0.000000,0.000000,15.462983,0.000000,0.000000,0.000000,0.000000,0.000000,1.568390,6.424326,0.000000,0.000000,0.000000,0.000000,0.000000,5.719477,0.000000,0.000000,0.000000,0.000000,31.661638,0.000000,0.000000,0.000000,0.000000,14.228276,21.327406,0.000000,0.000000,0.000000,0.000000,0.000000,13.762689,0.000000,0.000000,0.000000,8.565679,0.000000,30.490101,0.000000,0.000000,0.000000,0.000000,0.000000,0.000000,15.139377,0.000000,4.729086
0.000000,0.000000,0.000000,0.000000,10.639614,0.000000,0.000000,1.191066,0.000000,0.000000,0.000000,6.157526,0.000000,0.000000,0.000000,0.000000,0.000000,7.274148,0.000000,0.000000,0.000000,0.000000,29.425688,0.000000,0.000000,0.000000,0.000000,13.602596,17.334049,0.000000,0.000000,0.000000,0.000000,0.000000,13.377839,0.000000,0.000000,0.000000,10.232151,0.000000,26.104479,0.000000,0.000000,0.000000,0.000000,0.000000,0.000000,14.642023,0.000000,4.276715
0.000000,0.000000,0.000000,0.000000,14.128047,0.000000,0.000000,0.000000,0.000000,0.000000,1.270343,5.982802,0.000000,0.000000,0.000000,0.000000,0.000000,5.432950,0.000000,0.000000,0.000000,0.000000,29.434071,0.000000,0.000000,0.000000,0.000000,13.258490,19.666958,0.000000,0.000000,0.000000,0.000000,0.000000,12.816349,0.000000,0.000000,0.000000,8.095062,0.000000,28.208527,0.000000,0.000000,0.000000,0.000000,0.000000,0.000000,14.102383,0.000000,4.408564
0.000000,0.000000,0.000000,0.000000,11.002541,0.000000,0.000000,0.515746,0.000000,0.000000,0.000000,5.544933,0.000000,0.000000,0.000000,0.000000,0.000000,5.868068,0.000000,0.000000,0.000000,0.000000,26.776798,0.000000,0.000000,0.000000,0.000000,12.291206,16.680542,0.000000,0.000000,0.000000,0.000000,0.000000,11.893159,0.000000,0.000000,0.000000,8.438270,0.000000,24.632093,0.000000,0.000000,0.000000,0.000000,0.000000,0.000000,13.065093,0.000000,4.022308
0.000000,0.000000,0.000000,0.000000,16.493883,0.000000,0.000000,0.000000,0.000000,0.000000,11.300633,3.623071,0.000000,0.000000,0.000000,0.000000,0.000000,0.000000,0.000000,0.000000,0.000000,0.000000,10.613969,0.000000,0.000000,0.000000,0.000000,4.202624,17.765787,0.000000,0.000000,0.000000,0.000000,0.000000,3.163342,0.000000,1.259973,0.000000,0.000000,0.000000,20.037313,0.000000,0.000000,0.000000,0.000000,0.000000,10.747172,0.435213,0.000000,2.463881
0.000000,0.220642,0.000000,0.000000,19.083996,0.000000,0.000000,0.000000,0.000000,1.307641,14.649470,0.000000,0.000000,0.000000,0.000000,0.000000,0.000000,1.472566,0.000000,0.000000,0.000000,0.000000,2.441289,0.000000,5.234659,0.000000,0.000000,0.347040,27.896557,0.000000,0.000000,0.000000,0.000000,0.000000,8.936673,0.000000,6.421778,0.000000,0.000000,0.000000,19.483797,0.000000,0.000000,0.000000,0.000000,0.000000,18.182238,0.000000,0.000000,11.410073
0.000000,0.136755,0.000000,0.000000,15.695292,0.000000,0.000000,0.000000,0.000000,1.048167,12.084791,0.000000,0.000000,0.000000,0.000000,0.000000,0.000000,1.143955,0.000000,0.000000,0.000000,0.000000,2.046532,0.000000,4.269186,0.000000,0.000000,0.282931,22.898157,0.000000,0.000000,0.000000,0.000000,0.000000,7.276031,0.000000,5.237173,0.000000,0.000000,0.000000,16.033201,0.000000,0.000000,0.000000,0.000000,0.000000,14.927785,0.000000,0.000000,9.322074
0.000000,0.000000,0.000000,0.000000,11.889819,0.000000,0.000000,0.963162,0.000000,0.000000,0.000000,6.983216,0.000000,0.000000,0.000000,0.000000,0.000000,10.067360,0.000000,0.000000,0.000000,0.000000,34.228619,0.000000,0.000000,0.000000,0.000000,16.407776,21.101004,0.000000,0.000000,0.000000,0.000000,0.000000,17.397705,0.000000,0.000000,0.000000,12.189629,0.000000,30.861536,0.000000,0.000000,0.000000,0.000000,0.000000,0.000000,16.655418,0.000000,4.930243
0.000000,0.000000,0.000000,0.000000,11.474268,0.000000,0.000000,1.559578,0.000000,0.000000,0.000000,6.895352,0.000000,0.000000,0.000000,0.000000,0.000000,8.619762,0.000000,0.000000,0.000000,0.000000,33.306889,0.000000,0.000000,0.000000,0.000000,15.439464,19.378555,0.000000,0.000000,0.000000,0.000000,0.000000,15.402717,0.000000,0.000000,0.000000,11.875575,0.000000,29.247175,0.000000,0.000000,0.000000,0.000000,0.000000,0.000000,16.676025,0.000000,4.691964
0.000000,0.000000,0.000000,0.000000,15.263844,0.000000,0.000000,0.727179,0.000000,0.000000,0.000000,7.755107,0.000000,0.000000,0.000000,0.000000,0.000000,8.233008,0.000000,0.000000,0.000000,0.000000,37.370392,0.000000,0.000000,0.000000,0.000000,17.175394,23.178650,0.000000,0.000000,0.000000,0.000000,0.000000,16.633419,0.000000,0.000000,0.000000,11.839583,0.000000,34.341999,0.000000,0.000000,0.000000,0.000000,0.000000,0.000000,18.276754,0.000000,5.567190
0.000000,0.000000,0.000000,0.000000,12.318849,0.000000,0.000000,0.077912,0.000000,0.000000,0.426661,5.700243,0.000000,0.000000,0.000000,0.000000,0.000000,5.606617,0.000000,0.000000,0.000000,0.000000,27.801371,0.000000,0.000000,0.000000,0.000000,12.659879,17.885256,0.000000,0.000000,0.000000,0.000000,0.000000,12.207072,0.000000,0.000000,0.000000,8.194279,0.000000,26.088648,0.000000,0.000000,0.000000,0.000000,0.000000,0.000000,13.455997,0.000000,4.188948
0.000000,0.000000,0.000000,0.000000,17.077421,0.000000,0.000000,0.000000,0.000000,0.000000,15.195000,1.923036,0.000000,0.000000,0.000000,0.000000,0.000000,0.000000,0.000000,0.000000,0.000000,0.000000,6.814240,0.000000,1.231981,0.000000,0.000000,2.311529,22.141764,0.000000,0.000000,0.000000,0.000000,0.000000,4.456366,0.000000,2.859842,0.000000,0.000000,0.000000,21.005329,0.000000,0.000000,0.000000,0.000000,0.000000,14.970988,0.000000,0.000000,5.749327
0.000000,0.000000,0.000000,0.000000,11.910008,0.000000,0.000000,1.213448,0.000000,0.000000,0.000000,6.501502,0.000000,0.000000,0.000000,0.000000,0.000000,9.042099,0.000000,0.000000,0.000000,0.000000,33.533367,0.000000,0.000000,0.000000,0.000000,15.668962,20.711788,0.000000,0.000000,0.000000,0.000000,0.000000,16.338169,0.000000,0.000000,0.000000,11.425298,0.000000,30.191620,0.000000,0.000000,0.000000,0.000000,0.000000,0.000000,16.505121,0.000000,4.455961
0.000000,0.000000,0.000000,0.000000,12.441487,0.000000,0.000000,0.000000,0.000000,0.000000,1.739340,4.817710,0.000000,0.000000,0.000000,0.000000,0.000000,3.990352,0.000000,0.000000,0.000000,0.000000,23.954285,0.000000,0.000000,0.000000,0.000000,10.657077,16.668013,0.000000,0.000000,0.000000,0.000000,0.000000,10.326179,0.000000,0.000000,0.000000,6.083317,0.000000,23.456497,0.000000,0.000000,0.000000,0.000000,0.000000,0.000000,11.332789,0.000000,3.590638
0.000000,0.000000,0.000000,0.000000,10.995230,0.000000,0.000000,1.914038,0.000000,0.000000,0.000000,7.168499,0.465733,0.000000,0.000000,0.000000,0.000000,9.157037,0.000000,0.000000,0.000000,0.000000,34.107018,0.000000,0.000000,0.000000,0.000000,15.828531,19.101072,0.000000,0.000000,0.000000,0.000000,0.000000,15.792923,0.000000,0.000000,0.000000,12.696033,0.000000,29.316372,0.000000,0.000000,0.000000,0.000000,0.000000,0.000000,17.301834,0.000000,4.783632
0.000000,0.000000,0.000000,0.000000,10.496816,0.000000,0.000000,1.335355,0.000000,0.000000,0.000000,6.261043,0.000000,0.000000,0.000000,0.000000,0.000000,7.557463,0.000000,0.000000,0.000000,0.000000,29.888681,0.000000,0.000000,0.000000,0.000000,13.830172,17.379093,0.000000,0.000000,0.000000,0.000000,0.000000,13.654021,0.000000,0.000000,0.000000,10.587029,0.000000,26.295536,0.000000,0.000000,0.000000,0.000000,0.000000,0.000000,14.947649,0.000000,4.305827
0.000000,0.000000,0.000000,0.000000,10.571919,0.000000,0.000000,2.660754,0.000000,0.000000,0.000000,7.849310,1.436535,0.000000,0.000000,0.000000,0.000000,10.759802,0.000000,0.000000,0.000000,0.000000,37.199070,0.000000,0.000000,0.000000,0.000000,17.326252,19.788464,0.000000,0.000000,0.000000,0.000000,0.000000,17.526165,0.000000,0.000000,0.000000,14.734706,0.000000,30.969633,0.000000,0.000000,0.000000,0.000000,0.000000,0.000000,19.216097,0.000000,5.040705
0.000000,0.000000,0.000000,0.000000,12.236369,0.000000,0.000000,0.347566,0.000000,0.000000,0.055115,5.926043,0.000000,0.000000,0.000000,0.000000,0.000000,6.046981,0.000000,0.000000,0.000000,0.000000,28.764872,0.000000,0.000000,0.000000,0.000000,13.165518,18.161083,0.000000,0.000000,0.000000,0.000000,0.000000,12.691871,0.000000,0.000000,0.000000,8.765028,0.000000,26.715111,0.000000,0.000000,0.000000,0.000000,0.000000,0.000000,13.993140,0.000000,4.334305
0.000000,0.000000,0.000000,0.000000,13.151275,0.000000,0.000000,0.691420,0.000000,0.000000,0.000000,6.737322,0.000000,0.000000,0.000000,0.000000,0.000000,7.212861,0.000000,0.000000,0.000000,0.000000,32.443455,0.000000,0.000000,0.000000,0.000000,14.916559,20.077879,0.000000,0.000000,0.000000,0.000000,0.000000,14.456148,0.000000,0.000000,0.000000,10.351478,0.000000,29.747555,0.000000,0.000000,0.000000,0.000000,0.000000,0.000000,15.867939,0.000000,4.842041
0.000000,0.000000,0.000000,0.000000,13.926277,0.000000,0.000000,0.531420,0.000000,0.000000,0.000000,6.915370,0.000000,0.000000,0.000000,0.000000,0.000000,7.205364,0.000000,0.000000,0.000000,0.000000,33.436455,0.000000,0.000000,0.000000,0.000000,15.337798,20.912832,0.000000,0.000000,0.000000,0.000000,0.000000,14.821862,0.000000,0.000000,0.000000,10.400770,0.000000,30.883327,0.000000,0.000000,0.000000,0.000000,0.000000,0.000000,16.313196,0.000000,5.005948
0.000000,0.000000,0.000000,0.000000,12.259238,0.000000,0.000000,1.356665,0.000000,0.000000,0.000000,7.066875,0.000000,0.000000,0.000000,0.000000,0.000000,8.409498,0.000000,0.000000,0.000000,0.000000,33.909603,0.000000,0.000000,0.000000,0.000000,15.686502,20.028578,0.000000,0.000000,0.000000,0.000000,0.000000,15.473746,0.000000,0.000000,0.000000,11.769700,0.000000,30.126698,0.000000,0.000000,0.000000,0.000000,0.000000,0.000000,16.867954,0.000000,4.887532
0.000000,0.000000,0.000000,0.000000,14.100894,0.000000,0.000000,0.000000,0.000000,0.000000,2.297908,5.241478,0.000000,0.000000,0.000000,0.000000,0.000000,4.092215,0.000000,0.000000,0.000000,0.000000,26.104300,0.000000,0.000000,0.000000,0.000000,11.542418,18.558971,0.000000,0.000000,0.000000,0.000000,0.000000,11.197653,0.000000,0.000000,0.000000,6.340843,0.000000,25.905535,0.000000,0.000000,0.000000,0.000000,0.000000,0.000000,12.296161,0.000000,3.885432
0.000000,0.000000,0.000000,0.000000,16.433897,0.000000,0.000000,0.000000,0.000000,0.000000,14.680480,1.787236,0.000000,0.000000,0.000000,0.000000,0.000000,0.000000,0.000000,0.000000,0.000000,0.000000,6.435204,0.000000,1.279872,0.000000,0.000000,2.207844,21.445805,0.000000,0.000000,0.000000,0.000000,0.000000,4.338014,0.000000,2.799057,0.000000,0.000000,0.000000,20.154028,0.000000,0.000000,0.000000,0.000000,0.000000,14.506866,0.000000,0.000000,5.713556
0.000000,0.000000,0.000000,0.000000,12.547012,0.000000,0.000000,0.185984,0.000000,0.000000,0.290957,5.909758,0.000000,0.000000,0.000000,0.000000,0.000000,5.894123,0.000000,0.000000,0.000000,0.000000,28.770485,0.000000,0.000000,0.000000,0.000000,13.129417,18.367973,0.000000,0.000000,0.000000,0.000000,0.000000,12.654584,0.000000,0.000000,0.000000,8.587543,0.000000,26.891283,0.000000,0.000000,0.000000,0.000000,0.000000,0.000000,13.955399,0.000000,4.334892
0.000000,0.000000,0.000000,0.000000,11.106242,0.000000,0.000000,0.832045,0.000000,0.000000,0.000000,5.951118,0.000000,0.000000,0.000000,0.000000,0.000000,6.617346,0.000000,0.000000,0.000000,0.000000,28.519098,0.000000,0.000000,0.000000,0.000000,13.149171,17.382160,0.000000,0.000000,0.000000,0.000000,0.000000,12.797807,0.000000,0.000000,0.000000,9.420391,0.000000,25.863401,0.000000,0.000000,0.000000,0.000000,0.000000,0.000000,13.998830,0.000000,4.241799
0.000000,0.000000,0.000000,0.000000,11.986020,0.000000,0.000000,0.636703,0.000000,0.000000,0.000000,6.136444,0.000000,0.000000,0.000000,0.000000,0.000000,6.572994,0.000000,0.000000,0.000000,0.000000,29.561209,0.000000,0.000000,0.000000,0.000000,13.588265,18.306381,0.000000,0.000000,0.000000,0.000000,0.000000,13.167669,0.000000,0.000000,0.000000,9.430270,0.000000,27.102209,0.000000,0.000000,0.000000,0.000000,0.000000,0.000000,14.450655,0.000000,4.421420
0.000000,0.000000,0.000000,0.000000,11.256446,0.000000,0.000000,0.930323,0.000000,0.000000,0.000000,6.135361,0.000000,0.000000,0.000000,0.000000,0.000000,6.917356,0.000000,0.000000,0.000000,0.000000,29.380028,0.000000,0.000000,0.000000,0.000000,13.554996,17.768940,0.000000,0.000000,0.000000,0.000000,0.000000,13.224172,0.000000,0.000000,0.000000,9.820530,0.000000,26.514414,0.000000,0.000000,0.000000,0.000000,0.000000,0.000000,14.467705,0.000000,4.345042
0.000000,0.000000,0.000000,0.000000,10.678643,0.000000,0.000000,1.533074,0.000000,0.000000,0.000000,6.576398,0.060901,0.000000,0.000000,0.000000,0.000000,8.108987,0.000000,0.000000,0.000000,0.000000,31.355404,0.000000,0.000000,0.000000,0.000000,14.524651,17.984049,0.000000,0.000000,0.000000,0.000000,0.000000,14.395933,0.000000,0.000000,0.000000,11.315003,0.000000,27.351961,0.000000,0.000000,0.000000,0.000000,0.000000,0.000000,15.764167,0.000000,4.472969
0.000000,0.000000,0.000000,0.000000,13.793699,0.000000,0.000000,0.425929,0.000000,0.000000,0.000000,6.735003,0.000000,0.000000,0.000000,0.000000,0.000000,6.913676,0.000000,0.000000,0.000000,0.000000,32.641537,0.000000,0.000000,0.000000,0.000000,14.953060,20.537790,0.000000,0.000000,0.000000,0.000000,0.000000,14.426974,0.000000,0.000000,0.000000,10.011204,0.000000,30.267155,0.000000,0.000000,0.000000,0.000000,0.000000,0.000000,15.900555,0.000000,4.899540
0.000000,0.000000,0.000000,0.000000,10.971705,0.000000,0.000000,1.138720,0.000000,0.000000,0.000000,6.248798,0.000000,0.000000,0.000000,0.000000,0.000000,7.292605,0.000000,0.000000,0.000000,0.000000,29.875683,0.000000,0.000000,0.000000,0.000000,13.804132,17.721046,0.000000,0.000000,0.000000,0.000000,0.000000,13.547503,0.000000,0.000000,0.000000,10.282845,0.000000,26.625147,0.000000,0.000000,0.000000,0.000000,0.000000,0.000000,14.826441,0.000000,4.360634
0.000000,0.000000,0.000000,0.000000,19.373735,0.000000,0.000000,0.000000,0.000000,0.000000,13.635637,4.168787,0.000000,0.000000,0.000000,0.000000,0.000000,0.000000,0.000000,0.000000,0.000000,0.000000,12.105610,0.000000,0.000000,0.000000,0.000000,4.714838,21.006948,0.000000,0.000000,0.000000,0.000000,0.000000,3.657505,0.000000,1.475696,0.000000,0.000000,0.000000,23.714136,0.000000,0.000000,0.000000,0.000000,0.000000,13.121891,0.000000,0.000000,2.921327
0.000000,0.000000,0.000000,0.000000,10.389512,0.000000,0.000000,2.166421,0.000000,0.000000,0.000000,7.561941,0.000000,0.000000,0.000000,0.000000,0.000000,19.257317,0.000000,0.000000,0.000000,0.000000,44.825161,0.000000,0.000000,0.000000,0.000000,22.524380,28.072279,0.000000,0.000000,0.000000,0.000000,0.000000,28.176586,0.000000,0.000000,0.000000,17.928322,0.000000,39.109276,0.000000,0.000000,0.000000,0.000000,0.000000,0.000000,21.882040,0.000000,5.558901
0.000000,0.000000,0.000000,0.000000,10.516460,0.000000,0.000000,0.948901,0.000000,0.000000,0.000000,5.817040,0.000000,0.000000,0.000000,0.000000,0.000000,6.641714,0.000000,0.000000,0.000000,0.000000,27.848757,0.000000,0.000000,0.000000,0.000000,12.852917,16.736368,0.000000,0.000000,0.000000,0.000000,0.000000,12.565006,0.000000,0.000000,0.000000,9.404271,0.000000,25.020140,0.000000,0.000000,0.000000,0.000000,0.000000,0.000000,13.746848,0.000000,4.105560
0.000000,0.000000,0.000000,0.000000,12.124810,0.000000,0.000000,1.735162,0.000000,0.000000,0.000000,7.449351,0.030818,0.000000,0.000000,0.000000,0.000000,9.255824,0.000000,0.000000,0.000000,0.000000,35.653183,0.000000,0.000000,0.000000,0.000000,16.526602,20.490860,0.000000,0.000000,0.000000,0.000000,0.000000,16.428261,0.000000,0.000000,0.000000,12.854578,0.000000,31.132444,0.000000,0.000000,0.000000,0.000000,0.000000,0.000000,17.922756,0.000000,5.045304
0.000000,0.000000,0.000000,0.000000,14.524347,0.000000,0.000000,0.028315,0.000000,0.000000,0.569514,6.680758,0.000000,0.000000,0.000000,0.000000,0.000000,6.526740,0.000000,0.000000,0.000000,0.000000,32.583569,0.000000,0.000000,0.000000,0.000000,14.831039,21.001087,0.000000,0.000000,0.000000,0.000000,0.000000,14.305752,0.000000,0.000000,0.000000,9.557685,0.000000,30.631004,0.000000,0.000000,0.000000,0.000000,0.000000,0.000000,15.772620,0.000000,4.889228
0.000000,0.000000,0.000000,0.000000,12.771265,0.000000,0.000000,0.000000,0.000000,0.000000,11.540907,1.172997,0.000000,0.000000,0.000000,0.000000,0.000000,0.000000,0.000000,0.000000,0.000000,0.000000,4.610423,0.000000,1.220262,0.000000,0.000000,1.669700,17.066458,0.000000,0.000000,0.000000,0.000000,0.000000,3.539764,0.000000,2.328172,0.000000,0.000000,0.000000,15.439263,0.000000,0.000000,0.000000,0.000000,0.000000,11.521428,0.000000,0.000000,4.971794
0.000000,0.000000,0.000000,0.000000,10.549626,0.000000,0.000000,0.915265,0.000000,0.000000,0.000000,5.792850,0.000000,0.000000,0.000000,0.000000,0.000000,6.575612,0.000000,0.000000,0.000000,0.000000,27.740545,0.000000,0.000000,0.000000,0.000000,12.799734,16.725687,0.000000,0.000000,0.000000,0.000000,0.000000,12.500497,0.000000,0.000000,0.000000,9.321459,0.000000,24.975334,0.000000,0.000000,0.000000,0.000000,0.000000,0.000000,13.675469,0.000000,4.098730
0.000000,0.000000,0.000000,0.000000,12.267354,0.000000,0.000000,0.000000,0.000000,0.000000,1.186938,5.128924,0.000000,0.000000,0.000000,0.000000,0.000000,4.609249,0.000000,0.000000,0.000000,0.000000,25.282518,0.000000,0.000000,0.000000,0.000000,11.366359,16.998692,0.000000,0.000000,0.000000,0.000000,0.000000,10.988952,0.000000,0.000000,0.000000,6.882603,0.000000,24.294258,0.000000,0.000000,0.000000,0.000000,0.000000,0.000000,12.083879,0.000000,3.799638
0.000000,0.000000,0.000000,0.000000,13.182510,0.000000,0.000000,0.000135,0.000000,0.000000,0.560174,6.028495,0.000000,0.000000,0.000000,0.000000,0.000000,5.867798,0.000000,0.000000,0.000000,0.000000,29.429518,0.000000,0.000000,0.000000,0.000000,13.383842,19.022728,0.000000,0.000000,0.000000,0.000000,0.000000,12.910140,0.000000,0.000000,0.000000,8.598168,0.000000,27.695898,0.000000,0.000000,0.000000,0.000000,0.000000,0.000000,14.229283,0.000000,4.425286
0.000000,0.000000,0.000000,0.000000,9.607471,0.000000,0.000000,1.265024,0.000000,0.000000,0.000000,7.900496,0.000000,0.000000,0.000000,0.000000,0.000000,16.270815,0.000000,0.000000,0.000000,0.000000,38.267799,0.000000,0.000000,0.000000,0.000000,19.789312,23.264204,0.000000,0.000000,0.000000,0.000000,0.000000,23.621006,0.000000,0.000000,0.000000,16.219437,0.000000,33.551880,0.000000,0.000000,0.000000,0.000000,0.000000,0.000000,18.320499,0.000000,5.852338
0.000000,0.000000,0.000000,0.000000,11.700409,0.000000,0.000000,0.591214,0.000000,0.000000,0.000000,5.952972,0.000000,0.000000,0.000000,0.000000,0.000000,6.345428,0.000000,0.000000,0.000000,0.000000,28.703833,0.000000,0.000000,0.000000,0.000000,13.187199,17.816107,0.000000,0.000000,0.000000,0.000000,0.000000,12.771620,0.000000,0.000000,0.000000,9.112456,0.000000,26.351959,0.000000,0.000000,0.000000,0.000000,0.000000,0.000000,14.022029,0.000000,4.299401
0.000000,0.000000,0.000000,0.000000,12.476973,0.000000,0.000000,0.315660,0.000000,0.000000,0.115462,6.001364,0.000000,0.000000,0.000000,0.000000,0.000000,6.083830,0.000000,0.000000,0.000000,0.000000,29.156734,0.000000,0.000000,0.000000,0.000000,13.338104,18.451351,0.000000,0.000000,0.000000,0.000000,0.000000,12.849845,0.000000,0.000000,0.000000,8.831296,0.000000,27.124128,0.000000,0.000000,0.000000,0.000000,0.000000,0.000000,14.176364,0.000000,4.395670
0.000000,0.000000,0.000000,0.000000,16.687290,0.000000,0.000000,0.000000,0.000000,0.613232,13.866469,0.000000,0.000000,0.000000,0.000000,0.000000,0.000000,0.054249,0.000000,0.000000,0.000000,0.000000,3.581038,0.000000,3.502564,0.000000,0.000000,0.945823,23.442869,0.000000,0.000000,0.000000,0.000000,0.000000,6.421199,0.000000,4.649803,0.000000,0.000000,0.000000,18.127821,0.000000,0.000000,0.000000,0.000000,0.000000,15.624962,0.000000,0.000000,8.454984
0.000000,0.000000,0.000000,0.000000,15.809926,0.000000,0.000000,0.000000,0.000000,0.000000,13.915946,1.936467,0.000000,0.000000,0.000000,0.000000,0.000000,0.000000,0.000000,0.000000,0.000000,0.000000,6.605241,0.000000,0.898087,0.000000,0.000000,2.174643,20.134068,0.000000,0.000000,0.000000,0.000000,0.000000,3.972347,0.000000,2.506217,0.000000,0.000000,0.000000,19.563318,0.000000,0.000000,0.000000,0.000000,0.000000,13.593476,0.000000,0.000000,4.861931
0.000000,0.000000,0.000000,0.000000,13.898061,0.000000,0.000000,0.000000,0.000000,0.000000,1.726711,5.542096,0.000000,0.000000,0.000000,0.000000,0.000000,4.734733,0.000000,0.000000,0.000000,0.000000,27.449795,0.000000,0.000000,0.000000,0.000000,12.265074,18.839798,0.000000,0.000000,0.000000,0.000000,0.000000,11.875979,0.000000,0.000000,0.000000,7.163035,0.000000,26.692907,0.000000,0.000000,0.000000,0.000000,0.000000,0.000000,13.047387,0.000000,4.105367
0.000000,0.000000,0.000000,0.000000,12.909274,0.000000,0.000000,0.138218,0.000000,0.000000,0.367087,6.032986,0.000000,0.000000,0.000000,0.000000,0.000000,5.977950,0.000000,0.000000,0.000000,0.000000,29.389956,0.000000,0.000000,0.000000,0.000000,13.400319,18.823633,0.000000,0.000000,0.000000,0.000000,0.000000,12.918664,0.000000,0.000000,0.000000,8.723216,0.000000,27.520939,0.000000,0.000000,0.000000,0.000000,0.000000,0.000000,14.245012,0.000000,4.424194
0.000000,0.000000,0.000000,0.000000,12.984024,0.000000,0.000000,0.000000,0.000000,0.000000,1.077947,5.559156,0.000000,0.000000,0.000000,0.000000,0.000000,5.106852,0.000000,0.000000,0.000000,0.000000,27.326399,0.000000,0.000000,0.000000,0.000000,12.324815,18.176800,0.000000,0.000000,0.000000,0.000000,0.000000,11.908852,0.000000,0.000000,0.000000,7.586112,0.000000,26.113897,0.000000,0.000000,0.000000,0.000000,0.000000,0.000000,13.104903,0.000000,4.103096
0.000000,0.000000,0.000000,0.000000,12.897072,0.000000,0.000000,0.000000,0.000000,0.000000,0.645222,5.827236,0.000000,0.000000,0.000000,0.000000,0.000000,5.616395,0.000000,0.000000,0.000000,0.000000,28.484211,0.000000,0.000000,0.000000,0.000000,12.934334,18.509127,0.000000,0.000000,0.000000,0.000000,0.000000,12.480005,0.000000,0.000000,0.000000,8.248181,0.000000,26.879101,0.000000,0.000000,0.000000,0.000000,0.000000,0.000000,13.750751,0.000000,4.284087
0.000000,0.000000,0.000000,0.000000,14.347767,0.000000,0.000000,0.000000,0.000000,0.000000,2.908501,5.082200,0.000000,0.000000,0.000000,0.000000,0.000000,3.482581,0.000000,0.000000,0.000000,0.000000,24.901745,0.000000,0.000000,0.000000,0.000000,10.931053,18.450928,0.000000,0.000000,0.000000,0.000000,0.000000,10.556730,0.000000,0.000000,0.000000,5.576947,0.000000,25.271624,0.000000,0.000000,0.000000,0.000000,0.000000,0.000000,11.596169,0.000000,3.752005
0.000000,0.000000,0.000000,0.000000,13.459943,0.000000,0.000000,0.000000,0.000000,0.000000,12.092571,1.011761,0.000000,0.000000,0.000000,0.000000,0.000000,0.000000,0.000000,0.000000,0.000000,0.000000,4.577243,0.000000,1.478325,0.000000,0.000000,1.668650,18.147388,0.000000,0.000000,0.000000,0.000000,0.000000,3.922678,0.000000,2.625786,0.000000,0.000000,0.000000,16.051287,0.000000,0.000000,0.000000,0.000000,0.000000,12.252569,0.000000,0.000000,5.486822
0.000000,0.937693,0.000000,0.000000,16.128225,0.000000,0.000000,0.000000,0.000000,1.378149,11.354576,0.000000,0.000000,0.000000,0.000000,0.000000,0.000000,2.631029,0.000000,0.000000,0.000000,0.000000,0.901699,0.000000,4.941042,0.000000,0.000000,0.000000,24.207119,0.000000,0.000000,0.000000,0.000000,0.000000,8.660810,0.000000,5.919042,0.000000,0.000000,0.000000,15.425385,0.000000,0.000000,0.000000,0.000000,0.000000,15.584230,0.000000,0.000000,11.048210
0.000000,0.000000,0.000000,0.000000,21.608198,0.000000,0.000000,0.000000,0.000000,0.000000,14.863173,4.752678,0.000000,0.000000,0.000000,0.000000,0.000000,0.000000,0.000000,0.000000,0.000000,0.000000,13.887465,0.000000,0.000000,0.000000,0.000000,5.497325,23.294674,0.000000,0.000000,0.000000,0.000000,0.000000,4.160853,0.000000,1.663376,0.000000,0.000000,0.000000,26.334082,0.000000,0.000000,0.000000,0.000000,0.000000,14.178558,0.517254,0.000000,3.219610
0.000000,0.000000,0.000000,0.000000,13.401858,0.000000,0.000000,0.000000,0.000000,0.000000,1.241260,5.647062,0.000000,0.000000,0.000000,0.000000,0.000000,5.107047,0.000000,0.000000,0.000000,0.000000,27.802885,0.000000,0.000000,0.000000,0.000000,12.514392,18.621897,0.000000,0.000000,0.000000,0.000000,0.000000,12.097849,0.000000,0.000000,0.000000,7.616055,0.000000,26.673206,0.000000,0.000000,0.000000,0.000000,0.000000,0.000000,13.308619,0.000000,4.169219
0.000000,0.000000,0.000000,0.000000,9.598357,0.000000,0.000000,2.538310,0.000000,0.000000,0.000000,6.885451,0.000000,0.000000,0.000000,0.000000,0.000000,16.000036,0.000000,0.000000,0.000000,0.000000,40.440666,0.000000,0.000000,0.000000,0.000000,19.866173,24.719391,0.000000,0.000000,0.000000,0.000000,0.000000,23.978889,0.000000,0.000000,0.000000,16.085146,0.000000,34.905575,0.000000,0.000000,0.000000,0.000000,0.000000,0.000000,20.024755,0.000000,4.597558
0.000000,0.000000,0.000000,0.000000,12.617627,0.000000,0.000000,0.000000,0.000000,0.000000,1.148558,5.328508,0.000000,0.000000,0.000000,0.000000,0.000000,4.833426,0.000000,0.000000,0.000000,0.000000,26.234535,0.000000,0.000000,0.000000,0.000000,11.810575,17.558626,0.000000,0.000000,0.000000,0.000000,0.000000,11.415761,0.000000,0.000000,0.000000,7.201495,0.000000,25.150690,0.000000,0.000000,0.000000,0.000000,0.000000,0.000000,12.557207,0.000000,3.940683
0.000000,0.000000,0.000000,0.000000,18.710909,0.000000,0.000000,0.000000,0.000000,0.000000,10.383671,4.570284,0.000000,0.000000,0.000000,0.000000,0.000000,0.000000,0.000000,0.000000,0.000000,0.000000,15.543729,0.000000,0.000000,0.000000,0.000000,6.384038,19.651936,0.000000,0.000000,0.000000,0.000000,0.000000,5.058144,0.000000,0.498950,0.000000,0.000000,0.000000,22.753084,0.000000,0.000000,0.000000,0.000000,0.000000,8.630166,4.956861,0.000000,3.022122
0.000000,0.000000,0.000000,0.000000,14.285771,0.000000,0.000000,0.000000,0.000000,0.340142,12.161013,0.000000,0.000000,0.000000,0.000000,0.000000,0.000000,0.000000,0.000000,0.000000,0.000000,0.000000,3.478629,0.000000,2.583220,0.000000,0.000000,1.093420,19.786715,0.000000,0.000000,0.000000,0.000000,0.000000,5.126890,0.000000,3.644897,0.000000,0.000000,0.000000,15.826737,0.000000,0.000000,0.000000,0.000000,0.000000,13.336532,0.000000,0.000000,6.809185
0.000000,0.000000,0.000000,0.000000,13.178855,0.000000,0.000000,0.000000,0.000000,0.000000,2.601547,4.693128,0.000000,0.000000,0.000000,0.000000,0.000000,3.281318,0.000000,0.000000,0.000000,0.000000,23.068539,0.000000,0.000000,0.000000,0.000000,10.133114,17.004850,0.000000,0.000000,0.000000,0.000000,0.000000,9.792398,0.000000,0.000000,0.000000,5.225455,0.000000,23.335207,0.000000,0.000000,0.000000,0.000000,0.000000,0.000000,10.752917,0.000000,3.477621
0.000000,0.000000,0.000000,0.000000,16.758337,0.000000,0.000000,0.000000,0.000000,0.000000,14.526191,2.374669,0.000000,0.000000,0.000000,0.000000,0.000000,0.000000,0.000000,0.000000,0.000000,0.000000,7.586983,0.000000,0.695124,0.000000,0.000000,2.513767,20.672453,0.000000,0.000000,0.000000,0.000000,0.000000,3.848097,0.000000,2.266878,0.000000,0.000000,0.000000,20.920858,0.000000,0.000000,0.000000,0.000000,0.000000,14.012456,0.000000,0.000000,4.451104
0.000000,0.000000,0.000000,0.000000,11.918494,0.000000,0.000000,0.362400,0.000000,0.000000,0.018828,5.795706,0.000000,0.000000,0.000000,0.000000,0.000000,5.938056,0.000000,0.000000,0.000000,0.000000,28.118629,0.000000,0.000000,0.000000,0.000000,12.873208,17.729849,0.000000,0.000000,0.000000,0.000000,0.000000,12.414825,0.000000,0.000000,0.000000,8.599105,0.000000,26.087982,0.000000,0.000000,0.000000,0.000000,0.000000,0.000000,13.681885,0.000000,4.237116
0.000000,0.000000,0.000000,0.000000,11.773855,0.000000,0.000000,0.065592,0.000000,0.000000,0.424034,5.434487,0.000000,0.000000,0.000000,0.000000,0.000000,5.337498,0.000000,0.000000,0.000000,0.000000,26.516665,0.000000,0.000000,0.000000,0.000000,12.070197,17.080494,0.000000,0.000000,0.000000,0.000000,0.000000,11.638454,0.000000,0.000000,0.000000,7.802614,0.000000,24.893969,0.000000,0.000000,0.000000,0.000000,0.000000,0.000000,12.827154,0.000000,3.999948
0.000000,0.000000,0.000000,0.000000,10.744910,0.000000,0.000000,0.309999,0.000000,0.000000,0.055282,5.193593,0.000000,0.000000,0.000000,0.000000,0.000000,5.299595,0.000000,0.000000,0.000000,0.000000,25.228529,0.000000,0.000000,0.000000,0.000000,11.541799,15.950425,0.000000,0.000000,0.000000,0.000000,0.000000,11.123914,0.000000,0.000000,0.000000,7.679084,0.000000,23.432335,0.000000,0.000000,0.000000,0.000000,0.000000,0.000000,12.261332,0.000000,3.815089
0.000000,0.000000,0.000000,0.000000,17.508486,0.000000,0.000000,0.000000,0.000000,0.000000,11.049184,4.150912,0.000000,0.000000,0.000000,0.000000,0.000000,0.000000,0.000000,0.000000,0.000000,0.000000,12.679310,0.000000,0.000000,0.000000,0.000000,5.226022,18.697674,0.000000,0.000000,0.000000,0.000000,0.000000,3.904959,0.000000,1.087267,0.000000,0.000000,0.000000,21.193886,0.000000,0.000000,0.000000,0.000000,0.000000,9.839184,2.480035,0.000000,2.586583
0.000000,0.000000,0.000000,0.000000,12.920316,0.000000,0.000000,1.272325,0.000000,0.000000,0.000000,7.011312,0.000000,0.000000,0.000000,0.000000,0.000000,8.879171,0.000000,0.000000,0.000000,0.000000,35.211124,0.000000,0.000000,0.000000,0.000000,16.313335,21.532061,0.000000,0.000000,0.000000,0.000000,0.000000,16.494646,0.000000,0.000000,0.000000,11.862570,0.000000,31.716425,0.000000,0.000000,0.000000,0.000000,0.000000,0.000000,17.364820,0.000000,4.838324
0.000000,0.000000,0.000000,0.000000,17.342144,0.000000,0.000000,0.000000,0.000000,0.000000,10.310733,4.298766,0.000000,0.000000,0.000000,0.000000,0.000000,0.000000,0.000000,0.000000,0.000000,0.000000,13.479951,0.000000,0.000000,0.000000,0.000000,5.597477,18.336063,0.000000,0.000000,0.000000,0.000000,0.000000,4.282966,0.000000,0.755230,0.000000,0.000000,0.000000,20.993292,0.000000,0.000000,0.000000,0.000000,0.000000,8.810361,3.783256,0.000000,2.651222
0.000000,0.000000,0.000000,0.000000,13.847939,0.000000,0.000000,0.996466,0.000000,0.000000,0.000000,7.337671,0.000000,0.000000,0.000000,0.000000,0.000000,8.313573,0.000000,0.000000,0.000000,0.000000,35.581577,0.000000,0.000000,0.000000,0.000000,16.416037,21.798748,0.000000,0.000000,0.000000,0.000000,0.000000,16.103737,0.000000,0.000000,0.000000,11.682528,0.000000,32.341835,0.000000,0.000000,0.000000,0.000000,0.000000,0.000000,17.472227,0.000000,5.189237
0.000000,0.000000,0.000000,0.000000,12.767194,0.000000,0.000000,0.660380,0.000000,0.000000,0.000000,6.524591,0.000000,0.000000,0.000000,0.000000,0.000000,6.973273,0.000000,0.000000,0.000000,0.000000,31.432249,0.000000,0.000000,0.000000,0.000000,14.448131,19.471245,0.000000,0.000000,0.000000,0.000000,0.000000,13.998919,0.000000,0.000000,0.000000,10.010526,0.000000,28.834322,0.000000,0.000000,0.000000,0.000000,0.000000,0.000000,15.367849,0.000000,4.695729
0.000000,0.000000,0.000000,0.000000,12.467567,0.000000,0.000000,0.000000,0.000000,0.000000,1.130395,5.267859,0.000000,0.000000,0.000000,0.000000,0.000000,4.781613,0.000000,0.000000,0.000000,0.000000,25.935774,0.000000,0.000000,0.000000,0.000000,11.676593,17.355629,0.000000,0.000000,0.000000,0.000000,0.000000,11.285896,0.000000,0.000000,0.000000,7.122878,0.000000,24.860302,0.000000,0.000000,0.000000,0.000000,0.000000,0.000000,12.414161,0.000000,3.897160
0.000000,0.000000,0.000000,0.000000,13.894206,0.000000,0.000000,0.000000,0.000000,0.000000,11.585431,2.295992,0.000000,0.000000,0.000000,0.000000,0.000000,0.000000,0.000000,0.000000,0.000000,0.000000,6.834507,0.000000,0.161643,0.000000,0.000000,2.339752,16.217604,0.000000,0.000000,0.000000,0.000000,0.000000,2.975316,0.000000,1.419468,0.000000,0.000000,0.000000,17.209673,0.000000,0.000000,0.000000,0.000000,0.000000,11.034885,0.000000,0.000000,3.032849
0.000000,0.000000,0.000000,0.000000,9.354068,0.000000,0.000000,1.676065,0.000000,0.000000,0.000000,7.682330,0.000000,0.000000,0.000000,0.000000,0.000000,12.358436,0.000000,0.000000,0.000000,0.000000,34.118073,0.000000,0.000000,0.000000,0.000000,17.095232,19.532797,0.000000,0.000000,0.000000,0.000000,0.000000,18.569216,0.000000,0.000000,0.000000,14.465633,0.000000,29.455227,0.000000,0.000000,0.000000,0.000000,0.000000,0.000000,16.608019,0.000000,5.388694
0.000000,0.000000,0.000000,0.000000,14.929734,0.000000,0.000000,0.181912,0.000000,0.000000,0.379468,7.016329,0.000000,0.000000,0.000000,0.000000,0.000000,6.972291,0.000000,0.000000,0.000000,0.000000,34.144428,0.000000,0.000000,0.000000,0.000000,15.582160,21.804317,0.000000,0.000000,0.000000,0.000000,0.000000,15.022667,0.000000,0.000000,0.000000,10.170812,0.000000,31.944141,0.000000,0.000000,0.000000,0.000000,0.000000,0.000000,16.571770,0.000000,5.123588
0.000000,0.541197,0.000000,0.000000,20.402311,0.000000,0.000000,0.000000,0.000000,1.548151,15.319798,0.000000,0.000000,0.000000,0.000000,0.000000,0.000000,2.039505,0.000000,0.000000,0.000000,0.000000,2.170413,0.000000,5.825637,0.000000,0.000000,0.273456,30.110598,0.000000,0.000000,0.000000,0.000000,0.000000,10.013103,0.000000,7.108286,0.000000,0.000000,0.000000,20.507515,0.000000,0.000000,0.000000,0.000000,0.000000,19.570324,0.000000,0.000000,12.666143
0.000000,0.000000,0.000000,0.000000,13.434341,0.000000,0.000000,0.000000,0.000000,0.000000,2.278774,4.947139,0.000000,0.000000,0.000000,0.000000,0.000000,3.788735,0.000000,0.000000,0.000000,0.000000,24.598980,0.000000,0.000000,0.000000,0.000000,10.860387,17.613647,0.000000,0.000000,0.000000,0.000000,0.000000,10.530294,0.000000,0.000000,0.000000,5.897811,0.000000,24.501040,0.000000,0.000000,0.000000,0.000000,0.000000,0.000000,11.562564,0.000000,3.671198
0.000000,0.000000,0.000000,0.000000,15.855188,0.000000,0.000000,0.000000,0.000000,0.000000,14.328718,1.480362,0.000000,0.000000,0.000000,0.000000,0.000000,0.000000,0.000000,0.000000,0.000000,0.000000,5.773555,0.000000,1.510960,0.000000,0.000000,2.094028,21.172230,0.000000,0.000000,0.000000,0.000000,0.000000,4.404603,0.000000,2.893885,0.000000,0.000000,0.000000,19.228027,0.000000,0.000000,0.000000,0.000000,0.000000,14.303705,0.000000,0.000000,6.139885
0.000000,0.000000,0.000000,0.000000,18.183865,0.000000,0.000000,0.000000,0.000000,0.531857,15.356529,0.000000,0.000000,0.000000,0.000000,0.000000,0.000000,0.000000,0.000000,0.000000,0.000000,0.000000,4.269070,0.000000,3.467284,0.000000,0.000000,1.285540,25.313475,0.000000,0.000000,0.000000,0.000000,0.000000,6.693453,0.000000,4.790116,0.000000,0.000000,0.000000,20.049114,0.000000,0.000000,0.000000,0.000000,0.000000,17.007599,0.000000,0.000000,8.843232
0.000000,0.000000,0.000000,0.000000,9.677809,0.000000,0.000000,1.178491,0.000000,0.000000,0.000000,5.700730,0.000000,0.000000,0.000000,0.000000,0.000000,6.828040,0.000000,0.000000,0.000000,0.000000,27.237419,0.000000,0.000000,0.000000,0.000000,12.595296,15.928186,0.000000,0.000000,0.000000,0.000000,0.000000,12.415787,0.000000,0.000000,0.000000,9.577513,0.000000,24.037142,0.000000,0.000000,0.000000,0.000000,0.000000,0.000000,13.589000,0.000000,3.945783
0.000000,0.000000,0.000000,0.000000,14.789440,0.000000,0.000000,0.000000,0.000000,0.041925,13.061808,0.656319,0.000000,0.000000,0.000000,0.000000,0.000000,0.000000,0.000000,0.000000,0.000000,0.000000,4.519504,0.000000,1.991600,0.000000,0.000000,1.607342,20.119181,0.000000,0.000000,0.000000,0.000000,0.000000,4.671916,0.000000,3.207137,0.000000,0.000000,0.000000,17.186020,0.000000,0.000000,0.000000,0.000000,0.000000,13.600543,0.000000,0.000000,6.382675
0.000000,0.000000,0.000000,0.000000,10.581731,0.000000,0.000000,1.389481,0.000000,0.000000,0.000000,6.363526,0.000000,0.000000,0.000000,0.000000,0.000000,7.723647,0.000000,0.000000,0.000000,0.000000,30.367685,0.000000,0.000000,0.000000,0.000000,14.055910,17.595274,0.000000,0.000000,0.000000,0.000000,0.000000,13.890960,0.000000,0.000000,0.000000,10.808816,0.000000,26.658705,0.000000,0.000000,0.000000,0.000000,0.000000,0.000000,15.208198,0.000000,4.363429
0.000000,0.000000,0.000000,0.000000,10.026250,0.000000,0.000000,1.175207,0.000000,0.000000,0.000000,6.699619,0.000000,0.000000,0.000000,0.000000,0.000000,10.453053,0.000000,0.000000,0.000000,0.000000,31.931761,0.000000,0.000000,0.000000,0.000000,15.617458,19.220556,0.000000,0.000000,0.000000,0.000000,0.000000,16.905556,0.000000,0.000000,0.000000,12.258241,0.000000,28.300913,0.000000,0.000000,0.000000,0.000000,0.000000,0.000000,15.529424,0.000000,4.707784
0.000000,0.000000,0.000000,0.000000,12.042269,0.000000,0.000000,0.171750,0.000000,0.000000,0.292274,5.660933,0.000000,0.000000,0.000000,0.000000,0.000000,5.640083,0.000000,0.000000,0.000000,0.000000,27.568823,0.000000,0.000000,0.000000,0.000000,12.577173,17.618641,0.000000,0.000000,0.000000,0.000000,0.000000,12.122211,0.000000,0.000000,0.000000,8.218512,0.000000,25.776525,0.000000,0.000000,0.000000,0.000000,0.000000,0.000000,13.366520,0.000000,4.158017
0.000000,15.051761,0.239589,0.000000,18.246082,0.000000,7.442480,12.215934,0.000000,0.000000,16.105631,0.000000,0.000000,0.000000,12.106932,0.000000,0.000000,10.321136,9.852941,0.000000,0.000000,5.937182,0.000000,10.396575,13.496902,0.000000,0.000000,3.708815,33.638203,0.000000,2.857905,0.000000,0.000000,0.000000,14.666686,0.000000,2.930284,0.000000,0.000000,0.000000,9.039445,0.000000,0.000000,0.000000,0.000000,0.000000,20.051500,0.000000,0.000000,16.038679
0.000000,10.699631,0.000000,0.000000,16.596516,0.000000,6.224011,1.461450,0.000000,0.000000,10.363725,0.000000,0.000000,0.000000,6.422930,0.000000,0.000000,8.001772,4.102304,0.000000,0.000000,0.398063,0.000000,4.264778,8.375191,0.000000,0.397683,1.117808,26.904968,0.000000,5.722716,0.000000,0.000000,0.000000,12.528439,0.000000,4.376695,0.000000,0.000000,0.000000,10.388589,0.000000,0.000000,0.000000,0.000000,0.000000,16.888683,0.000000,0.000000,16.149755
0.000000,14.552600,0.000000,0.000000,22.953232,0.000000,10.829771,0.000000,0.000000,0.441192,11.411316,0.000000,0.000000,0.000000,9.176332,0.000000,0.000000,12.382244,3.006824,0.000000,0.000000,0.000000,0.000000,6.389619,12.312381,0.000000,6.398575,0.452250,34.059769,0.000000,12.799511,0.000000,0.000000,0.000000,18.697124,0.000000,5.749097,0.000000,0.000000,0.000000,13.320077,0.000000,0.000000,0.000000,0.000000,0.000000,21.112516,0.000000,0.000000,22.208439
0.000000,18.442495,0.337550,0.000000,22.826294,0.000000,10.448863,19.123793,0.000000,0.000000,20.970648,0.000000,0.000000,0.000000,17.501299,0.000000,0.000000,13.435338,12.033960,0.000000,0.000000,11.683324,0.000000,14.161863,17.450197,0.000000,0.000000,4.206977,41.221954,0.000000,3.752170,0.000000,0.000000,0.000000,17.309246,0.000000,3.241353,0.000000,0.000000,0.000000,12.830932,0.000000,0.000000,0.000000,0.000000,0.000000,25.958982,0.000000,0.000000,19.254726
0.000000,14.940541,0.204991,0.000000,18.388605,0.000000,8.364484,15.314074,0.000000,0.000000,16.914837,0.000000,0.000000,0.000000,13.769231,0.000000,0.000000,10.377558,9.876524,0.000000,0.000000,9.504119,0.000000,11.525075,13.362584,0.000000,0.000000,3.858713,33.096512,0.000000,3.242269,0.000000,0.000000,0.000000,13.707892,0.000000,2.706521,0.000000,0.000000,0.000000,10.266781,0.000000,0.000000,0.000000,0.000000,0.000000,20.614824,0.000000,0.000000,15.843266
0.000000,15.373538,0.985294,0.000000,17.950800,0.000000,7.987669,17.101147,0.000000,0.000000,18.101048,0.000000,0.000000,0.000000,13.944930,0.000000,0.000000,10.374471,10.456618,0.000000,0.000000,10.184668,0.000000,12.868671,14.049493,0.886587,0.000000,4.628195,33.042801,0.000000,2.238216,0.000000,0.000000,0.000000,13.207822,0.000000,2.214060,0.000000,0.000000,0.000000,9.601300,0.000000,0.000000,0.000000,0.000000,0.000000,20.346495,0.000000,0.000000,15.349918
0.000000,18.021774,2.781996,0.000000,20.228884,0.000000,7.805858,20.789385,0.145095,0.000000,21.512251,0.000000,0.000000,0.000000,13.962453,0.000000,0.000000,10.483498,13.706834,0.000000,0.000000,11.084298,0.000000,14.918089,16.694765,3.414553,0.000000,8.510816,37.957409,0.000000,1.972902,0.000000,0.000000,0.000000,12.290443,0.000000,2.468534,0.000000,0.000000,0.000000,11.768584,0.000000,0.000000,0.000000,0.000000,0.000000,23.562395,0.000000,0.000000,16.191961
0.000000,19.050182,4.163560,0.000000,20.633551,0.000000,10.353392,26.136536,2.189827,0.000000,24.650808,0.000000,0.000000,0.000000,16.956110,0.000000,0.000000,10.876652,13.953660,0.000000,0.000000,14.892970,0.000000,18.884136,18.489721,4.303668,0.000000,7.677335,38.152016,0.000000,0.640845,0.000000,0.000000,0.000000,12.178194,0.000000,1.650442,0.000000,0.000000,0.000000,11.918039,0.000000,0.000000,0.000000,0.000000,0.000000,24.750175,0.000000,0.000000,15.327079
0.000000,15.108882,0.534617,0.000000,18.229963,0.000000,8.336520,16.016243,0.000000,0.000000,17.327467,0.000000,0.000000,0.000000,13.997440,0.000000,0.000000,10.632462,10.352620,0.000000,0.000000,9.568516,0.000000,11.877687,13.873550,0.000000,0.000000,4.064141,33.068321,0.000000,2.623888,0.000000,0.000000,0.000000,13.816539,0.000000,2.462062,0.000000,0.000000,0.000000,9.868134,0.000000,0.000000,0.000000,0.000000,0.000000,20.663397,0.000000,0.000000,15.387163
0.000000,18.400364,2.154923,0.000000,21.006454,0.000000,9.093487,22.218536,0.148473,0.000000,22.448427,0.000000,0.000000,0.000000,16.744642,0.000000,0.000000,11.148314,12.481209,0.000000,0.000000,13.280541,0.000000,16.436369,17.675249,2.079238,0.000000,6.214280,38.985088,0.000000,2.202841,0.000000,0.000000,0.000000,14.693284,0.000000,2.415695,0.000000,0.000000,0.000000,12.056141,0.000000,0.000000,0.000000,0.000000,0.000000,23.584639,0.000000,0.000000,17.672377
0.000000,12.738880,0.000000,0.000000,17.295490,0.000000,8.908531,4.032967,0.733411,0.000000,11.416307,0.000000,0.000000,0.000000,8.844744,0.000000,0.000000,8.119633,5.197444,0.000000,0.000000,4.106054,0.000000,8.760251,8.229985,0.000000,2.841491,2.227043,29.352930,0.000000,9.255877,0.000000,0.000000,0.000000,12.468864,0.000000,4.696925,0.000000,0.000000,0.000000,11.470459,0.000000,0.000000,0.000000,0.000000,0.000000,17.547577,0.000000,0.000000,19.005840
0.000000,19.735537,2.781169,0.000000,22.990683,0.000000,10.332739,24.232925,0.000000,0.000000,24.147820,0.000000,0.000000,0.000000,19.501570,0.000000,0.000000,13.239697,12.148018,0.000000,0.000000,14.813062,0.000000,17.387627,21.441221,0.517314,0.000000,4.586716,42.079597,0.000000,2.318721,0.000000,0.000000,0.000000,16.029581,0.000000,2.456892,0.000000,0.000000,0.000000,14.076480,0.000000,0.000000,0.000000,0.000000,0.000000,26.113201,0.000000,0.000000,18.157633
0.000000,14.089064,1.820857,0.000000,15.916939,0.000000,6.496922,16.294136,0.000000,0.000000,16.637032,0.000000,0.000000,0.000000,12.009105,0.000000,0.000000,8.678342,10.106013,0.000000,0.000000,8.340773,0.000000,12.703359,13.205423,1.713838,0.000000,4.798389,30.155699,0.000000,1.048592,0.000000,0.000000,0.000000,12.088445,0.000000,1.740246,0.000000,0.000000,0.000000,7.354840,0.000000,0.000000,0.000000,0.000000,0.000000,17.639086,0.000000,0.000000,13.043581
0.000000,21.710251,4.078940,0.000000,26.455269,0.000000,12.979843,32.751984,0.000000,0.000000,30.604561,1.384620,0.000000,0.000000,23.294851,0.000000,0.000000,18.048960,16.157322,0.000000,0.000000,19.000488,0.000000,19.782269,27.264183,0.000000,0.000000,5.866191,47.080727,0.000000,0.000000,0.000000,0.000000,0.000000,18.336437,0.000000,0.928371,0.000000,0.000000,0.000000,16.028326,0.000000,0.000000,0.000000,0.000000,0.000000,32.857857,0.000000,0.000000,17.279486
0.000000,16.201742,2.524301,0.000000,18.688599,0.000000,8.857322,23.838209,0.423113,0.000000,22.231735,1.223982,0.000000,0.000000,15.310806,0.000000,0.000000,11.623552,12.643497,0.000000,0.000000,13.463334,0.000000,15.912987,17.044464,2.389644,0.000000,6.120258,34.443630,0.000000,0.000000,0.000000,0.000000,0.000000,12.440383,0.000000,0.794908,0.000000,0.000000,0.000000,10.255275,0.000000,0.000000,0.000000,0.000000,0.000000,23.092443,0.000000,0.000000,13.274081
0.000000,13.675796,0.071118,0.000000,17.116621,0.000000,8.118245,12.628333,0.000000,0.000000,14.764429,0.000000,0.000000,0.000000,12.777998,0.000000,0.000000,10.020295,8.888323,0.000000,0.000000,7.541913,0.000000,9.726611,12.773913,0.000000,0.000000,2.825189,30.563467,0.000000,3.232880,0.000000,0.000000,0.000000,13.299345,0.000000,2.693448,0.000000,0.000000,0.000000,9.344710,0.000000,0.000000,0.000000,0.000000,0.000000,19.082296,0.000000,0.000000,14.560663
0.000000,16.097118,0.384595,0.000000,19.633177,0.000000,8.406889,16.492628,0.000000,0.000000,18.498093,0.000000,0.000000,0.000000,14.414094,0.000000,0.000000,11.089642,10.447073,0.000000,0.000000,9.784748,0.000000,12.810150,14.905335,0.000000,0.000000,4.564149,36.205002,0.000000,3.317242,0.000000,0.000000,0.000000,14.629300,0.000000,2.792761,0.000000,0.000000,0.000000,10.537885,0.000000,0.000000,0.000000,0.000000,0.000000,22.026505,0.000000,0.000000,17.471071
0.000000,12.842625,1.051756,0.000000,14.570723,0.000000,5.512416,16.006685,0.543871,0.000000,16.305899,0.000000,0.000000,0.000000,10.731447,0.000000,0.000000,7.281355,8.415273,0.000000,0.000000,9.507697,0.000000,12.709676,11.493911,2.729433,0.000000,5.271593,28.260216,0.000000,1.776121,0.000000,0.000000,0.000000,9.480025,0.000000,1.621113,0.000000,0.000000,0.000000,7.636625,0.000000,0.000000,0.000000,0.000000,0.000000,16.491789,0.000000,0.000000,13.417973
0.000000,9.518009,0.000000,0.000000,21.540680,0.000000,5.449127,0.000000,0.000000,1.513773,9.687612,0.000000,0.000000,0.000000,2.311161,0.000000,0.000000,10.558871,0.000000,0.000000,0.000000,0.000000,0.000000,0.060594,9.551125,0.000000,5.871002,0.000000,30.539185,0.000000,8.453030,0.000000,0.000000,0.000000,16.034384,0.000000,6.894721,0.000000,0.000000,0.000000,14.162489,0.000000,0.000000,0.000000,0.000000,0.000000,19.427652,0.000000,0.000000,19.675554
0.000000,16.163849,1.606743,0.000000,18.323433,0.000000,7.726617,19.458981,0.654202,0.000000,19.719055,0.000000,0.000000,0.000000,14.068420,0.000000,0.000000,8.925630,11.462196,0.000000,0.000000,11.742413,0.000000,14.637356,14.350402,2.649928,0.000000,6.438174,34.158855,0.000000,2.228295,0.000000,0.000000,0.000000,12.623733,0.000000,2.265617,0.000000,0.000000,0.000000,10.319328,0.000000,0.000000,0.000000,0.000000,0.000000,20.297155,0.000000,0.000000,16.007666
0.000000,14.529579,0.000000,0.000000,20.131508,0.000000,10.150999,3.098566,0.000000,0.000000,12.261129,0.000000,0.000000,0.000000,11.035589,0.000000,0.000000,11.209922,6.122419,0.000000,0.000000,1.708596,0.000000,7.494134,12.263797,0.000000,1.836756,1.445893,32.727207,0.000000,8.680881,0.000000,0.000000,0.000000,16.214251,0.000000,4.666924,0.000000,0.000000,0.000000,11.215504,0.000000,0.000000,0.000000,0.000000,0.000000,20.011980,0.000000,0.000000,19.099432
0.000000,14.847570,0.000000,0.000000,22.568426,0.000000,11.174908,0.000000,0.000000,0.146835,11.606732,0.000000,0.000000,0.000000,9.641087,0.000000,0.000000,12.022392,4.116821,0.000000,0.000000,0.000000,0.000000,6.848026,12.123030,0.000000,5.238350,0.941871,34.076675,0.000000,12.375937,0.000000,0.000000,0.000000,18.464188,0.000000,5.597758,0.000000,0.000000,0.000000,12.956876,0.000000,0.000000,0.000000,0.000000,0.000000,20.918848,0.000000,0.000000,21.885443
0.000000,14.334834,0.000000,0.000000,18.094286,0.000000,9.222460,8.858058,0.000000,0.000000,13.638445,0.000000,0.000000,0.000000,12.471107,0.000000,0.000000,10.787019,8.193232,0.000000,0.000000,5.327586,0.000000,8.942919,12.917120,0.000000,0.000000,2.051224,32.093681,0.000000,5.084021,0.000000,0.000000,0.000000,14.436026,0.000000,3.654738,0.000000,0.000000,0.000000,9.759338,0.000000,0.000000,0.000000,0.000000,0.000000,19.652462,0.000000,0.000000,16.670809
0.000000,16.674154,0.000000,0.000000,26.462868,0.000000,12.398108,0.000000,0.000000,0.580278,13.077949,0.000000,0.000000,0.000000,10.465188,0.000000,0.000000,14.325355,3.220348,0.000000,0.000000,0.000000,0.000000,7.255184,14.207952,0.000000,7.619265,0.426534,39.149406,0.000000,14.815542,0.000000,0.000000,0.000000,21.560555,0.000000,6.649510,0.000000,0.000000,0.000000,15.410376,0.000000,0.000000,0.000000,0.000000,0.000000,24.317272,0.000000,0.000000,25.604555
0.000000,16.587173,1.336862,0.000000,19.363344,0.000000,8.669769,17.451994,0.000000,0.000000,19.010735,0.000000,0.000000,0.000000,14.893277,0.000000,0.000000,10.616154,10.542588,0.000000,0.000000,10.495622,0.000000,13.685340,15.283916,0.636979,0.000000,4.690104,35.473656,0.000000,3.020591,0.000000,0.000000,0.000000,13.907743,0.000000,2.635531,0.000000,0.000000,0.000000,10.549950,0.000000,0.000000,0.000000,0.000000,0.000000,21.202230,0.000000,0.000000,16.875807
0.000000,12.726474,0.000000,0.000000,21.512838,0.000000,9.202656,0.000000,0.000000,0.880875,10.213775,0.000000,0.000000,0.000000,7.444757,0.000000,0.000000,11.741615,1.021882,0.000000,0.000000,0.000000,0.000000,5.056618,11.486512,0.000000,7.447702,0.000000,31.096668,0.000000,12.141366,0.000000,0.000000,0.000000,17.342541,0.000000,5.530057,0.000000,0.000000,0.000000,12.724252,0.000000,0.000000,0.000000,0.000000,0.000000,19.634806,0.000000,0.000000,20.783548
0.000000,17.236784,1.768267,0.000000,19.664562,0.000000,8.741093,19.677814,0.000000,0.000000,20.468363,0.000000,0.000000,0.000000,15.805450,0.000000,0.000000,11.361337,11.463228,0.000000,0.000000,11.540935,0.000000,14.857043,16.544641,1.295046,0.000000,5.081977,36.496174,0.000000,2.088731,0.000000,0.000000,0.000000,14.315589,0.000000,2.266821,0.000000,0.000000,0.000000,10.606937,0.000000,0.000000,0.000000,0.000000,0.000000,22.190960,0.000000,0.000000,16.568432
0.000000,16.716940,0.000000,0.000000,23.758642,0.000000,11.650461,3.418993,0.000000,0.000000,14.456397,0.000000,0.000000,0.000000,12.969676,0.000000,0.000000,13.680432,6.445413,0.000000,0.000000,1.887026,0.000000,8.635258,14.955124,0.000000,2.726857,1.166344,38.578274,0.000000,10.137147,0.000000,0.000000,0.000000,19.155540,0.000000,5.443399,0.000000,0.000000,0.000000,13.436197,0.000000,0.000000,0.000000,0.000000,0.000000,23.773516,0.000000,0.000000,22.342424
0.000000,15.209003,0.742859,0.000000,18.104757,0.000000,8.310007,17.712505,0.000000,0.000000,18.034740,0.000000,0.000000,0.000000,14.504814,0.000000,0.000000,10.573321,11.061148,0.000000,0.000000,10.716857,0.000000,12.446714,14.188280,0.449783,0.000000,4.399588,32.841599,0.000000,1.990630,0.000000,0.000000,0.000000,13.781656,0.000000,2.245447,0.000000,0.000000,0.000000,10.240571,0.000000,0.000000,0.000000,0.000000,0.000000,20.991390,0.000000,0.000000,14.663448
0.000000,1.289733,0.000000,0.000000,16.809797,0.000000,0.000000,0.000000,0.000000,1.506843,11.355220,0.000000,0.000000,0.000000,0.000000,0.000000,0.000000,3.419243,0.000000,0.000000,0.000000,0.000000,0.457001,0.000000,5.352296,0.000000,0.000000,0.000000,25.468927,0.000000,0.000000,0.000000,0.000000,0.000000,9.473556,0.000000,6.327670,0.000000,0.000000,0.000000,15.611279,0.000000,0.000000,0.000000,0.000000,0.000000,16.292870,0.000000,0.000000,12.190304
0.000000,14.612584,0.264146,0.000000,18.511526,0.000000,7.825795,15.854008,0.000000,0.000000,17.490061,0.000000,0.000000,0.000000,13.999328,0.000000,0.000000,11.266317,9.612890,0.000000,0.000000,9.278268,0.000000,10.914396,14.832771,0.000000,0.000000,3.044520,33.476959,0.000000,1.902777,0.000000,0.000000,0.000000,14.108339,0.000000,2.464324,0.000000,0.000000,0.000000,10.761525,0.000000,0.000000,0.000000,0.000000,0.000000,21.617931,0.000000,0.000000,14.851764
0.000000,14.727707,0.000000,0.000000,20.777672,0.000000,10.660207,1.719585,0.000000,0.000000,12.062549,0.000000,0.000000,0.000000,10.675811,0.000000,0.000000,11.260689,5.937692,0.000000,0.000000,0.645211,0.000000,7.455302,12.071348,0.000000,2.508957,1.547366,33.146236,0.000000,9.851781,0.000000,0.000000,0.000000,16.911873,0.000000,4.921338,0.000000,0.000000,0.000000,11.649046,0.000000,0.000000,0.000000,0.000000,0.000000,20.177980,0.000000,0.000000,19.928970
0.000000,16.208599,2.625414,0.000000,17.830795,0.000000,8.146592,20.869572,1.927607,0.000000,20.355352,0.000000,0.000000,0.000000,13.848468,0.000000,0.000000,8.002965,11.627023,0.000000,0.000000,11.955423,0.000000,16.281424,14.610581,3.836962,0.000000,7.031971,33.680225,0.000000,1.544767,0.000000,0.000000,0.000000,11.438113,0.000000,2.020064,0.000000,0.000000,0.000000,9.512606,0.000000,0.000000,0.000000,0.000000,0.000000,19.894157,0.000000,0.000000,15.079010
0.000000,10.266542,0.000000,0.000000,15.285599,0.000000,4.549236,5.762486,0.000000,0.000000,12.221917,0.000000,0.000000,0.000000,6.050186,0.000000,0.000000,6.842414,6.253567,0.000000,0.000000,2.756388,0.000000,4.312246,7.899629,0.000000,0.000000,2.888451,26.389780,0.000000,2.365038,0.000000,0.000000,0.000000,10.906423,0.000000,3.457723,0.000000,0.000000,0.000000,9.918756,0.000000,0.000000,0.000000,0.000000,0.000000,16.260187,0.000000,0.000000,14.299891
0.000000,16.729961,0.934196,0.000000,19.498341,0.000000,7.976305,19.737179,0.217441,0.000000,20.405209,0.000000,0.000000,0.000000,14.659930,0.000000,0.000000,10.006157,11.070049,0.000000,0.000000,12.574445,0.000000,15.004284,14.397011,2.319751,0.000000,6.033949,36.200100,0.000000,2.989859,0.000000,0.000000,0.000000,13.311505,0.000000,2.545344,0.000000,0.000000,0.000000,11.270246,0.000000,0.000000,0.000000,0.000000,0.000000,21.851788,0.000000,0.000000,17.588251
0.000000,16.239161,1.304809,0.000000,18.025209,0.000000,6.634366,13.499726,0.000000,0.181861,16.801344,0.000000,0.000000,0.000000,12.179583,0.000000,0.000000,10.933094,7.783171,0.000000,0.000000,6.098608,0.000000,13.675825,14.448129,0.000000,0.000000,2.118005,35.613873,0.000000,3.553342,0.000000,0.000000,0.000000,13.786135,0.000000,2.048847,0.000000,0.000000,0.000000,7.375997,0.000000,0.000000,0.000000,0.000000,0.000000,19.359718,0.000000,0.000000,16.605730
